Customer ID,turnover,equity_last,recency,churn_probability,risk_band
C1003,539238.0,4449995.4312,133,0.9999997898526702,High
C999,22076.1,416426.3764,49,0.9999997898526702,High
C1005,11777.5,154698.7538,87,0.9999997898526702,High
C989,22814.0,23918.7608,133,0.9999997898526702,High
C990,10974344.6,2711952.3032,65,0.9999997898526702,High
C993,3005579.0,308760.55,45,0.9999997898526702,High
C995,631787.5,2075102.2167,32,0.9999997898526702,High
C996,495375.0,764231.4952,133,0.9999997898526702,High
C997,1293645.5,1200036.12,133,0.9999997898526702,High
C998,138060.0,1565994.0988,133,0.9999997898526702,High
C958,607052.4,1580294.2244,32,0.9999997898526702,High
C1022,50800.0,28713.5236,129,0.9999997898526702,High
C1025,1780.8,283022.6674,130,0.9999997898526702,High
C1026,16051.0,71185.6148,87,0.9999997898526702,High
C1027,169264.5,155551.7065,94,0.9999997898526702,High
C1031,382825.0,59114.7396,38,0.9999997898526702,High
C970,480729.5,157065.1528,32,0.9999997898526702,High
C971,1225.5,92238.0385,134,0.9999997898526702,High
C961,862.0,24729.0304,134,0.9999997898526702,High
C965,2014.0,181152.6788,134,0.9999997898526702,High
C968,32705.6,138202.2044,60,0.9999997898526702,High
C941,1018043.9,2377246.5169,74,0.9999997898526702,High
C943,52430.0,53616.7124,130,0.9999997898526702,High
C1036,115000.0,347004.047,130,0.9999997898526702,High
C1037,720188.7,725410.7672,130,0.9999997898526702,High
C1038,24900.0,1644975.002,130,0.9999997898526702,High
C1039,1827.0,7997209.0823,130,0.9999997898526702,High
C1040,800.0,767196.06,130,0.9999997898526702,High
C1041,136619.5,2396240.4248,130,0.9999997898526702,High
C1018,14585.3,605531.3116,130,0.9999997898526702,High
C945,49280.0,5167351.5808,134,0.9999997898526702,High
C952,2247.5,2657737.404,134,0.9999997898526702,High
C927,551322.0,2346712.7952,134,0.9999997898526702,High
C929,897686.5,2816943.7236,86,0.9999997898526702,High
C93,77.0,1248981.045,151,0.9999997898526702,High
C934,668528.0,188046.4288,77,0.9999997898526702,High
C937,19705796.7,1169469.0248,32,0.9999997898526702,High
C1051,38540.0,107097.6455,128,0.9999997898526702,High
C1054,51250.0,833006.2056,130,0.9999997898526702,High
C1055,1779.4,83647.6168,130,0.9999997898526702,High
C1060,28356.0,61921.005,59,0.9999997898526702,High
C1032,301342.5,1655938.9149,129,0.9999997898526702,High
C1034,1153021.0,317900.363,52,0.9999997898526702,High
C916,2395289.1,404814.8892,45,0.9999997898526702,High
C918,147730.0,669013.14,135,0.9999997898526702,High
C919,148570.0,90059.65,94,0.9999997898526702,High
C920,353450.0,1398162.357,134,0.9999997898526702,High
C921,1116867.2,1051271.279,134,0.9999997898526702,High
C922,554225.1,661931.0396,36,0.9999997898526702,High
C926,55027.2,69710.3672,134,0.9999997898526702,High
C900,57970.0,2508951.477,135,0.9999997898526702,High
C901,49860.4,302896.1244,127,0.9999997898526702,High
C910,1951670.5,8133439.6874,56,0.9999997898526702,High
C911,562278.4,2077907.0196,74,0.9999997898526702,High
C885,818575.0,3356119.215,44,0.9999997898526702,High
C886,1621718.1,5647456.0318,74,0.9999997898526702,High
C1069,112853.79999999999,366032.7884,44,0.9999997898526702,High
C1070,55100.0,1861217.2952,129,0.9999997898526702,High
C1075,22531.5,55333.387,59,0.9999997898526702,High
C1048,3431557.2,6648940.4964,35,0.9999997898526702,High
C888,1511339.0,129068.6109,35,0.9999997898526702,High
C893,2965886.9,7575305.7027,107,0.9999997898526702,High
C897,106880.0,64863.8188,130,0.9999997898526702,High
C87,287335.8,48291.7286,93,0.9999997898526702,High
C874,170900.0,4578977.4511,135,0.9999997898526702,High
C876,2834611.6,1181551.2377,113,0.9999997898526702,High
C877,43800.0,44062.4403,135,0.9999997898526702,High
C878,2083791.0,2902445.9212,35,0.9999997898526702,High
C879,379512.0,307315.0892,133,0.9999997898526702,High
C883,192923.5,147864.813,80,0.9999997898526702,High
C855,640425.0,525538.9224,52,0.9999997898526702,High
C856,580750.0,2625913.0673,136,0.9999997898526702,High
C1079,12.0,77103996.892,128,0.9999997898526702,High
C1080,23425.0,56499.748,105,0.9999997898526702,High
C1082,130064.0,191640.706,128,0.9999997898526702,High
C1085,30385.0,41187.2008,128,0.9999997898526702,High
C1088,103785.0,711042.3828,128,0.9999997898526702,High
C109,17340376.5,1107402.8852,99,0.9999997898526702,High
C1061,1455182.4,3084312.6677,129,0.9999997898526702,High
C1062,1419977.6,69312.2696,63,0.9999997898526702,High
C860,4458297.7,1116422.1608,38,0.9999997898526702,High
C861,918945.0,1066133.552,135,0.9999997898526702,High
C863,311040.0,2589885.9845,135,0.9999997898526702,High
C865,2602932.0,3716097.8737,134,0.9999997898526702,High
C867,9919.0,10950.0571,135,0.9999997898526702,High
C868,58200.0,179820.8108,135,0.9999997898526702,High
C842,5957662.0,2130577.7502,37,0.9999997898526702,High
C1094,170250.0,1148723.01,127,0.9999997898526702,High
C1097,44535.6,1470762.004,60,0.9999997898526702,High
C1099,249000.0,915868.0,128,0.9999997898526702,High
C1100,3849373.1,2806219.0032,37,0.9999997898526702,High
C1101,144506.7,208552.7932,32,0.9999997898526702,High
C1103,469210.0,317783.838,128,0.9999997898526702,High
C1076,28351.0,61761.1785,59,0.9999997898526702,High
C843,699558.3,1894757.9188,133,0.9999997898526702,High
C847,805700.3,321588.1991,116,0.9999997898526702,High
C85,26964323.5,13698.8999,58,0.9999997898526702,High
C852,879721.1,271703.1088,128,0.9999997898526702,High
C853,1948.0,97023.7238,136,0.9999997898526702,High
C854,553212.6,268833.002,136,0.9999997898526702,High
C826,2111.1,169409.9884,136,0.9999997898526702,High
C1107,316000.0,317254.3616,128,0.9999997898526702,High
C1108,12.0,13137324.342,128,0.9999997898526702,High
C1110,94400.0,2029684.6227,128,0.9999997898526702,High
C1111,22689.2,4191.5432,106,0.9999997898526702,High
C1117,254150.0,164673.4088,52,0.9999997898526702,High
C1091,578234.5,668954.4568,44,0.9999997898526702,High
C830,636520.0,1070589.7576,37,0.9999997898526702,High
C811,2609595.0,730740.815,77,0.9999997898526702,High
C812,74177.5,217342.1161,135,0.9999997898526702,High
C813,341624.3,329353.0928,113,0.9999997898526702,High
C820,690390.2,776439.766,74,0.9999997898526702,High
C823,4378.5,259351.3709,136,0.9999997898526702,High
C8,208717.2,5676741.48,144,0.9999997898526702,High
C805,61880.0,62135.5505,136,0.9999997898526702,High
C783,2438.4,3669.0804,122,0.9999997898526702,High
C784,1856.4,795589.0904,137,0.9999997898526702,High
C785,88.3,93466.6583,137,0.9999997898526702,High
C1121,1747.2,137351.752,127,0.9999997898526702,High
C1123,243915.0,176290.8002,52,0.9999997898526702,High
C1125,170258.6,137642.2842,60,0.9999997898526702,High
C1130,8889551.3,21610852.8618,32,0.9999997898526702,High
C1104,1794934.7,727559.7696,113,0.9999997898526702,High
C1106,93285.5,908767.4768,102,0.9999997898526702,High
C79,9790.0,260172.9895,151,0.9999997898526702,High
C793,1856.4,331005.2648,137,0.9999997898526702,High
C796,191470.0,199728.62,87,0.9999997898526702,High
C771,56168962.0,222519877.7191,108,0.9999997898526702,High
C772,220.0,145246.666,129,0.9999997898526702,High
C774,14399060.0,1583157.2469,35,0.9999997898526702,High
C776,392636.0,190405.7284,134,0.9999997898526702,High
C780,12056.4,441477.5491,58,0.9999997898526702,High
C781,29684879.5,6584938.1013,64,0.9999997898526702,High
C755,235.1,63515.1886,137,0.9999997898526702,High
C1138,24365.0,246553.2904,127,0.9999997898526702,High
C1141,1768.2,74346.3845,127,0.9999997898526702,High
C1142,698953.9,94070.9665,60,0.9999997898526702,High
C1146,5693151.3,1010014.0726,63,0.9999997898526702,High
C758,2311881.0,1802162.6956,133,0.9999997898526702,High
C759,892249.2,248808.6412,77,0.9999997898526702,High
C760,1956459.2,993056.454,74,0.9999997898526702,High
C761,41608.7,72549.7755,56,0.9999997898526702,High
C745,2359301.0,410163.796,121,0.9999997898526702,High
C746,2437866.6,1786700.1773,106,0.9999997898526702,High
C747,3995806.5,646264.8715,38,0.9999997898526702,High
C725,437060.0,1444193.9104,116,0.9999997898526702,High
C726,2648.4,78635.1572,130,0.9999997898526702,High
C73,284776.5,104529.2412,126,0.9999997898526702,High
C731,244800.0,1573837.6859,134,0.9999997898526702,High
C734,1107.5,1133.7756,137,0.9999997898526702,High
C736,77580.0,64855.0478,122,0.9999997898526702,High
C710,1666607.0,1687965.5264,130,0.9999997898526702,High
C1152,49134.4,47882.6558,126,0.9999997898526702,High
C1154,9534782.7,5174759.1096,35,0.9999997898526702,High
C1155,955244.0,617840.3617,78,0.9999997898526702,High
C1134,927221.2,573297.8744,36,0.9999997898526702,High
C715,21135.0,29471.6034,140,0.9999997898526702,High
C716,21134.2,29474.33,140,0.9999997898526702,High
C697,1211753.0,195277.7924,58,0.9999997898526702,High
C699,1537521.3,219346.8579,56,0.9999997898526702,High
C701,655249.8,1631019.1284,105,0.9999997898526702,High
C704,254898.0,152273.936,91,0.9999997898526702,High
C707,21134.2,29469.6035,140,0.9999997898526702,High
C708,21134.2,29455.0065,140,0.9999997898526702,High
C709,1002441.3,1663520.7984,56,0.9999997898526702,High
C683,31450.0,516182.192,141,0.9999997898526702,High
C1170,3681152.2,1472730.6452,59,0.9999997898526702,High
C1172,171337.0,81517.3205,71,0.9999997898526702,High
C1148,85610.0,47908.0383,93,0.9999997898526702,High
C686,21152.2,29494.3019,140,0.9999997898526702,High
C688,8039872.199999999,7577957.0687,77,0.9999997898526702,High
C69,339710.0,559500.0264,128,0.9999997898526702,High
C690,1956.0,149504.7654,140,0.9999997898526702,High
C692,709706.0,2649091.7766,44,0.9999997898526702,High
C676,1978680.0,4300564.8627,46,0.9999997898526702,High
C654,1353326.0,893208.1392,134,0.9999997898526702,High
C640,1369648.8,602721.7951,63,0.9999997898526702,High
C624,2244107.7,389567.0112,57,0.9999997898526702,High
C629,677750.0,545598.6414,119,0.9999997898526702,High
C630,139275.0,51616.8125,116,0.9999997898526702,High
C631,4273514.7,3268412.1851,37,0.9999997898526702,High
C634,472232.0,275666.095,63,0.9999997898526702,High
C638,3509195.2,2582305.2967,135,0.9999997898526702,High
C1180,673100.0,670055.5758,122,0.9999997898526702,High
C1181,2285701.0,2260387.446,108,0.9999997898526702,High
C1182,98630.0,586024.88,122,0.9999997898526702,High
C1184,1313500.0,1750318.8112,113,0.9999997898526702,High
C1187,1036594.4,1054780.0958,121,0.9999997898526702,High
C1189,215950.1,1062449.9672,86,0.9999997898526702,High
C612,217026.5,50901.4205,32,0.9999997898526702,High
C619,369940.0,293750.3428,136,0.9999997898526702,High
C621,45769096.9,51374826.1315,130,0.9999997898526702,High
C604,555038.4,36808.59,52,0.9999997898526702,High
C607,735750.0,421796.1485,112,0.9999997898526702,High
C584,210497.0,48919.682,53,0.9999997898526702,High
C587,27636357.4,2773470.6011,44,0.9999997898526702,High
C588,639330.0,180268.349,122,0.9999997898526702,High
C592,9782.5,158898.0238,143,0.9999997898526702,High
C594,127862.0,1859431.8888,81,0.9999997898526702,High
C567,162000.0,170486.4173,143,0.9999997898526702,High
C568,254534.5,43316.615,87,0.9999997898526702,High
C1195,3785480.6,19304023.5021,52,0.9999997898526702,High
C1201,3197961.0,2336704.2622,116,0.9999997898526702,High
C1204,1740576.8,1992044.8359,113,0.9999997898526702,High
C570,5389183.800000001,6488765.112,51,0.9999997898526702,High
C573,3264.0,309615.0206,143,0.9999997898526702,High
C575,35065.399999999994,79567.8388,84,0.9999997898526702,High
C578,99919.6,130131.796,130,0.9999997898526702,High
C556,854496.3,437813.5988,72,0.9999997898526702,High
C538,2070.6,727752.3108,144,0.9999997898526702,High
C542,3914906.7,150921.5477,37,0.9999997898526702,High
C545,16170.6,74490.7984,52,0.9999997898526702,High
C55,28682727.7,751259.2644,73,0.9999997898526702,High
C524,16170.6,75432.4736,52,0.9999997898526702,High
C1208,5530.0,35681.0316,116,0.9999997898526702,High
C1213,624435.0,103289.8848,81,0.9999997898526702,High
C1215,88016.0,96664.4194,116,0.9999997898526702,High
C1216,982688.5,992414.9031,108,0.9999997898526702,High
C1217,1043875.0,1360076.568,102,0.9999997898526702,High
C1218,240642.1,116043.1804,116,0.9999997898526702,High
C1192,124740.0,199500.0,122,0.9999997898526702,High
C529,16170.6,87248.3988,52,0.9999997898526702,High
C530,36639.6,775534.472,136,0.9999997898526702,High
C531,2730297.2,4110636.676,36,0.9999997898526702,High
C510,3778131.1,7761719.4156,46,0.9999997898526702,High
C511,1919.4,71760.6074,144,0.9999997898526702,High
C513,1923.6,77884.3146,144,0.9999997898526702,High
C514,722670.6,4050260.7136,49,0.9999997898526702,High
C515,5033.4,535108.4002,142,0.9999997898526702,High
C519,1923.6,232732.9779,144,0.9999997898526702,High
C495,16170.6,76359.0368,52,0.9999997898526702,High
C496,16170.6,82554.5812,52,0.9999997898526702,High
C497,2024.4,1163234.3526,144,0.9999997898526702,High
C1224,104403.6,60260.8504,32,0.9999997898526702,High
C1226,9765.0,1178464.0434,120,0.9999997898526702,High
C1227,41140.0,216984.9208,120,0.9999997898526702,High
C1228,80388.0,125408.4835,120,0.9999997898526702,High
C1230,5447356.4,4350734.8477,114,0.9999997898526702,High
C1232,5471.4,70140.1062,119,0.9999997898526702,High
C1233,4700.0,33247.882,119,0.9999997898526702,High
C498,1828.6,771538.1112,144,0.9999997898526702,High
C500,1877.8,72419.7915,144,0.9999997898526702,High
C501,2070.6,333896.8241,144,0.9999997898526702,High
C502,524314.5,2914112.4212,36,0.9999997898526702,High
C503,2070.6,353290.5248,144,0.9999997898526702,High
C505,1898.4,72382.546,144,0.9999997898526702,High
C506,1584875.7,88140.5314,95,0.9999997898526702,High
C508,1310757.4,245410.4485,57,0.9999997898526702,High
C480,66416.6,201511.93,98,0.9999997898526702,High
C482,16170.6,75626.106,52,0.9999997898526702,High
C1238,100200.0,198824.017,119,0.9999997898526702,High
C487,2070.6,361183.8588,144,0.9999997898526702,High
C488,199440.0,66422.32,101,0.9999997898526702,High
C489,1990.8,432920.6652,144,0.9999997898526702,High
C49,11880.0,301307.4492,151,0.9999997898526702,High
C490,1978.2,871747.0132,144,0.9999997898526702,High
C493,25470.6,9544273.6975,44,0.9999997898526702,High
C467,206234.7,1943457.504,44,0.9999997898526702,High
C469,4046.0,434371.25,144,0.9999997898526702,High
C470,427547.7,88368.6768,37,0.9999997898526702,High
C473,104327.6,251091.1885,36,0.9999997898526702,High
C474,2100324.4,575540.0079,36,0.9999997898526702,High
C476,36774030.4,35616493.2809,49,0.9999997898526702,High
C477,1307950.6,811193.4074,57,0.9999997898526702,High
C479,3836.4,1445010.3496,144,0.9999997898526702,High
C48,15118.8,178933.66,144,0.9999997898526702,High
C451,2070.6,77499.4508,144,0.9999997898526702,High
C452,2070.6,414248.6015,144,0.9999997898526702,High
C453,2070.6,293914.0856,144,0.9999997898526702,High
C1252,15947298.8,7422760.0156,35,0.9999997898526702,High
C1253,35129053.9,8319858.2346,87,0.9999997898526702,High
C1254,12291597.7,6156918.4208,36,0.9999997898526702,High
C1255,15202835.8,5625468.8336,35,0.9999997898526702,High
C1259,81000.0,1244947.4092,116,0.9999997898526702,High
C126,1793850.0,154233.0,36,0.9999997898526702,High
C1260,231727.6,458797.2152,36,0.9999997898526702,High
C1262,31130.0,146938.162,116,0.9999997898526702,High
C1234,1620811.6,271236.1233,60,0.9999997898526702,High
C1267,26123260.9,2674007.5269,60,0.9999997898526702,High
C1274,26648.9,26997.2794,115,0.9999997898526702,High
C1275,197300.0,302198.786,108,0.9999997898526702,High
C1276,14113311.3,8936995.0633,52,0.9999997898526702,High
C1250,1663108.0,259934.9863,32,0.9999997898526702,High
C455,16170.6,75426.2516,52,0.9999997898526702,High
C456,16170.6,75315.526,52,0.9999997898526702,High
C457,2070.6,167952.9752,144,0.9999997898526702,High
C458,282070.6,2254509.2728,102,0.9999997898526702,High
C459,2070.6,924324.0876,144,0.9999997898526702,High
C460,2070.6,321768.3576,144,0.9999997898526702,High
C462,16170.6,85734.68,52,0.9999997898526702,High
C463,15070.6,4426621.1764,49,0.9999997898526702,High
C464,39606.6,180680.6548,99,0.9999997898526702,High
C465,16170.6,75829.8168,52,0.9999997898526702,High
C438,387664.6,28289.08,32,0.9999997898526702,High
C1282,2134115.0,2889321.4201,58,0.9999997898526702,High
C1283,14570541.5,13099774.6223,109,0.9999997898526702,High
C1284,29299.2,212123.0672,113,0.9999997898526702,High
C1287,320743.0,21775.228,57,0.9999997898526702,High
C1290,1655249.5,1913487.1772,45,0.9999997898526702,High
C1264,149985.0,200974.3716,116,0.9999997898526702,High
C1265,130176.7,120785.7152,73,0.9999997898526702,High
C44,35939784.3,3037833.5299,93,0.9999997898526702,High
C442,2070.6,137954.8996,144,0.9999997898526702,High
C444,1947.5,704373.8636,144,0.9999997898526702,High
C445,169910.0,553074.8113,140,0.9999997898526702,High
C448,238044.8,61957.7982,135,0.9999997898526702,High
C449,1923.6,71865.4363,144,0.9999997898526702,High
C45,10336343.2,555375.104,77,0.9999997898526702,High
C450,1923.6,71817.289,144,0.9999997898526702,High
C422,2070.6,3883654.7696,144,0.9999997898526702,High
C423,112595.0,2767572.874,143,0.9999997898526702,High
C1296,412150.0,530397.8462,60,0.9999997898526702,High
C1297,647137.0,2889472.1392,114,0.9999997898526702,High
C1301,28000.0,208306.0472,114,0.9999997898526702,High
C1305,887988.0,844824.048,78,0.9999997898526702,High
C425,1411856.0,285889.6484,127,0.9999997898526702,High
C429,423190.0,546079.3932,95,0.9999997898526702,High
C431,2070.6,98382.7352,144,0.9999997898526702,High
C433,100326.6,69111.2484,107,0.9999997898526702,High
C435,2130481.3,444440.2697,35,0.9999997898526702,High
C436,2490303.0,4237949.215,44,0.9999997898526702,High
C410,2569594.0,3764909.4061,141,0.9999997898526702,High
C411,2070.6,96957.4264,144,0.9999997898526702,High
C416,1902.6,644269.7396,144,0.9999997898526702,High
C417,1919.4,71360.1726,144,0.9999997898526702,High
C419,3411362.6,971458.7735,49,0.9999997898526702,High
C1309,29750.0,142326.618,114,0.9999997898526702,High
C1310,895198.0,1384625.684,108,0.9999997898526702,High
C1311,1061250.0,1185342.92,102,0.9999997898526702,High
C1313,99495.0,164404.595,113,0.9999997898526702,High
C1315,338940.0,82426.738,36,0.9999997898526702,High
C1292,300776.0,3057000.9426,108,0.9999997898526702,High
C400,3337549.2,277222.509,44,0.9999997898526702,High
C401,16170.6,74286.8336,52,0.9999997898526702,High
C404,102411.0,64960.2831,133,0.9999997898526702,High
C405,36965.3,69447.9004,143,0.9999997898526702,High
C406,2070.6,2509225.7544,144,0.9999997898526702,High
C407,2070.6,2678929.2136,144,0.9999997898526702,High
C381,233439.2,715871.6312,65,0.9999997898526702,High
C382,12456.4,6665488.6748,79,0.9999997898526702,High
C383,2070.6,925443.1566,144,0.9999997898526702,High
C385,1919.4,72006.779,144,0.9999997898526702,High
C387,1906.8,2063959.2477,144,0.9999997898526702,High
C390,1927165.0,1128298.34,46,0.9999997898526702,High
C392,3148821.5,2951271.3247,32,0.9999997898526702,High
C365,270847.0,268341.0728,70,0.9999997898526702,High
C367,106700.0,3582920.7006,147,0.9999997898526702,High
C1323,151577.4,39016.316,105,0.9999997898526702,High
C1324,287000.0,676574.252,113,0.9999997898526702,High
C1325,51870.0,1038839.1947,113,0.9999997898526702,High
C1326,975658.8999999999,2723620.6867,112,0.9999997898526702,High
C1327,10740.0,44477.0665,113,0.9999997898526702,High
C1328,2224812.2,21937964.0333,112,0.9999997898526702,High
C1329,152190.0,197075.69,109,0.9999997898526702,High
C1330,42260.0,21865.2,112,0.9999997898526702,High
C1306,52000.0,2077977.3846,114,0.9999997898526702,High
C1340,1034029.2,4820027.7032,106,0.9999997898526702,High
C1342,210000.0,287299.8468,109,0.9999997898526702,High
C1346,515286.1,943947.1296,58,0.9999997898526702,High
C1348,1878.0,457231.8503,109,0.9999997898526702,High
C368,502272.0,2136303.3578,147,0.9999997898526702,High
C375,5358145.9,140391.6388,49,0.9999997898526702,High
C378,1890.0,1996846.4165,144,0.9999997898526702,High
C358,1427.5,444015.654,147,0.9999997898526702,High
C340,1717600.0,826787.5581,64,0.9999997898526702,High
C342,2608419.4,463394.8444,56,0.9999997898526702,High
C345,1867.5,193139.0175,140,0.9999997898526702,High
C329,1328800.0,891862.5,147,0.9999997898526702,High
C309,365265.9,1228483.5394,93,0.9999997898526702,High
C31,1436179.0,81474.9668,92,0.9999997898526702,High
C312,23232190.9,2137614.4896,73,0.9999997898526702,High
C315,1604915.3,352685.32,74,0.9999997898526702,High
C32,27330403.3,4162719.2761,136,0.9999997898526702,High
C320,29874.0,204465.1385,147,0.9999997898526702,High
C1358,721226.6,1661420.9392,109,0.9999997898526702,High
C1359,2457212.8,1354242.5565,74,0.9999997898526702,High
C1362,46472.0,64586.1652,37,0.9999997898526702,High
C1337,37248.0,9060.2116,101,0.9999997898526702,High
C297,2367193.2,275634.1472,44,0.9999997898526702,High
C30,629899.0,601825.4709,92,0.9999997898526702,High
C306,46699.5,577525.7152,130,0.9999997898526702,High
C281,11015933.1,5779449.145,64,0.9999997898526702,High
C284,9567124.1,17501524.0189,58,0.9999997898526702,High
C285,171990.0,895337.7838,98,0.9999997898526702,High
C264,10034118.2,1410082.5379,93,0.9999997898526702,High
C265,83830.6,449101.2908,144,0.9999997898526702,High
C268,36070.0,59654.4088,121,0.9999997898526702,High
C271,18987322.3,1613247.9797,86,0.9999997898526702,High
C275,13050068.8,4688.0605,60,0.9999997898526702,High
C1372,1154731.1,1103462.938,84,0.9999997898526702,High
C1374,33200.0,148193.9656,107,0.9999997898526702,High
C1375,1486556.2,5462841.9425,37,0.9999997898526702,High
C1378,40000.0,52356.8795,107,0.9999997898526702,High
C1350,2925180.0,1421670.6836,37,0.9999997898526702,High
C1351,85881.2,259581.2644,109,0.9999997898526702,High
C253,4581288.7,4540250.6332,122,0.9999997898526702,High
C255,226910.0,59667.6036,63,0.9999997898526702,High
C263,41640.0,75456.518,91,0.9999997898526702,High
C235,59465.5,27465.7036,130,0.9999997898526702,High
C239,939016.0,941787.8457,149,0.9999997898526702,High
C240,3555.0,72627.7504,128,0.9999997898526702,High
C245,8250.0,75372.511,148,0.9999997898526702,High
C246,32442.0,101617.7745,44,0.9999997898526702,High
C220,72780.0,74500.0,135,0.9999997898526702,High
C1387,1558969.0,163104.4584,56,0.9999997898526702,High
C1392,4642.0,4965.432,106,0.9999997898526702,High
C1364,671220.0,326793.4672,78,0.9999997898526702,High
C1366,49800.0,376620.18,108,0.9999997898526702,High
C223,1170007.8,743172.4895,120,0.9999997898526702,High
C231,274684.1,1601485.7976,149,0.9999997898526702,High
C209,3555.0,72618.5872,128,0.9999997898526702,High
C217,1428943.0,107043.1096,86,0.9999997898526702,High
C2,111427.8,1151494.0808,86,0.9999997898526702,High
C198,72780.0,74500.0,135,0.9999997898526702,High
C186,1955838.5999999999,2346635.8875,105,0.9999997898526702,High
C184,155945.0,57325.0042,122,0.9999997898526702,High
C183,10423303.7,1361204.3629,50,0.9999997898526702,High
C1810,324000.0,554078.5272,32,0.9999997898526702,High
C182,4942877.7,324932.7142,95,0.9999997898526702,High
C1798,2970.0,7157188.9022,32,0.9999997898526702,High
C1799,143300.0,142972.3135,32,0.9999997898526702,High
C1399,3691347.1,346654.4635,59,0.9999997898526702,High
C1406,593930.9,594934.8889,101,0.9999997898526702,High
C1379,146320.2,221184.5156,107,0.9999997898526702,High
C1800,649000.0,1190361.264,32,0.9999997898526702,High
C1802,2008831.5,667252.8252,32,0.9999997898526702,High
C1808,9000.0,225511.3365,32,0.9999997898526702,High
C1782,30001.4,43435.1944,35,0.9999997898526702,High
C1785,95520.0,159640.12,36,0.9999997898526702,High
C1788,113925.0,2443773.4018,35,0.9999997898526702,High
C1789,109025.0,1703730.054,35,0.9999997898526702,High
C1792,107800.0,1776145.8308,35,0.9999997898526702,High
C1795,17150.0,2419038.3896,35,0.9999997898526702,High
C1796,103378.5,51058.4932,35,0.9999997898526702,High
C1771,581510.0,1117312.6412,37,0.9999997898526702,High
C1774,296802.5,150993.65,36,0.9999997898526702,High
C178,13706126.7,419241.4422,36,0.9999997898526702,High
C1781,664489.2,337474.0432,36,0.9999997898526702,High
C1754,3643.2,229737.3469,38,0.9999997898526702,High
C1755,45261.8,470391.2436,35,0.9999997898526702,High
C1411,267840.0,855040.8905,98,0.9999997898526702,High
C1414,54365.0,140773.4564,98,0.9999997898526702,High
C1415,225500.0,396343.5988,66,0.9999997898526702,High
C1417,32364.0,53394.2636,98,0.9999997898526702,High
C1419,1456841.3,1228992.75,58,0.9999997898526702,High
C1420,752147.0,204702.212,51,0.9999997898526702,High
C1393,553420.3,556821.4044,102,0.9999997898526702,High
C1394,72234.5,208101.2624,63,0.9999997898526702,High
C1756,28875.0,37288.0266,38,0.9999997898526702,High
C1757,910100.0,3179778.2012,35,0.9999997898526702,High
C1758,5117.0,26425.351,38,0.9999997898526702,High
C1766,241895.5,60118001.8409,37,0.9999997898526702,High
C1767,69101203.2,4861942751.7559,36,0.9999997898526702,High
C1740,4382.1,35549.1828,36,0.9999997898526702,High
C1424,2835576.4,464142.2933,32,0.9999997898526702,High
C1432,13774.9,39702.1258,94,0.9999997898526702,High
C1408,159156.8,14606330.9338,66,0.9999997898526702,High
C1409,4220.8,2003642.1504,99,0.9999997898526702,High
C1741,314300.0,156038.8768,44,0.9999997898526702,High
C1742,37300.0,51847.75,44,0.9999997898526702,High
C1743,32734.0,190341.8935,44,0.9999997898526702,High
C1744,8680.0,946277.95,44,0.9999997898526702,High
C1748,524326.5,269210.5872,44,0.9999997898526702,High
C1749,9500.0,149667.1012,44,0.9999997898526702,High
C1730,660000.0,559676.0,38,0.9999997898526702,High
C1732,70740.0,94185.4769,46,0.9999997898526702,High
C1734,495307.8,140679.685,38,0.9999997898526702,High
C1736,135109.8,1544034.2852,32,0.9999997898526702,High
C1737,226350.0,381076.0,45,0.9999997898526702,High
C171,10302368.1,2728669.6252,60,0.9999997898526702,High
C1439,156.0,826747.1108,93,0.9999997898526702,High
C1448,518.7,51860.1804,92,0.9999997898526702,High
C1422,21719273.2,1858771.5994,53,0.9999997898526702,High
C1423,6583289.9,10798609.3635,73,0.9999997898526702,High
C1714,20230.0,163191.2032,50,0.9999997898526702,High
C1715,3697.0,17842.9784,35,0.9999997898526702,High
C1719,12800.0,118234.9255,50,0.9999997898526702,High
C172,1260687.1,1129115.8316,108,0.9999997898526702,High
C1720,15360.0,142191.371,50,0.9999997898526702,High
C1722,198480.0,2617252.5997,49,0.9999997898526702,High
C1697,14100.0,75207.9992,52,0.9999997898526702,High
C1699,119680.0,492314.301,52,0.9999997898526702,High
C17,5578957.5,2733730.0809,128,0.9999997898526702,High
C1703,10490.0,15477.57,52,0.9999997898526702,High
C1704,690879.6,1165807.4316,32,0.9999997898526702,High
C1705,1807432.0,89088096.2181,52,0.9999997898526702,High
C1706,1030061.7,2309984.8995,50,0.9999997898526702,High
C1708,4982.7,349632.4676,49,0.9999997898526702,High
C1709,237755.0,42494.7355,37,0.9999997898526702,High
C1456,1389.3,100807.6016,91,0.9999997898526702,High
C1684,202045.0,288018.554,53,0.9999997898526702,High
C1687,7332183.0,8412101.6121,53,0.9999997898526702,High
C1689,1256840.1,369219.7516,35,0.9999997898526702,High
C1691,137655.0,138397.035,53,0.9999997898526702,High
C1692,315010.0,500248.3776,52,0.9999997898526702,High
C1693,319.2,134949.1181,53,0.9999997898526702,High
C1695,6933110.0,150268615.2447,52,0.9999997898526702,High
C1669,98815.0,693651.0992,49,0.9999997898526702,High
C1671,2988.0,10361.69,57,0.9999997898526702,High
C1674,317120.0,118380.78,36,0.9999997898526702,High
C1675,201424.6,1611808.0616,57,0.9999997898526702,High
C168,14262187.1,1438121.1156,44,0.9999997898526702,High
C1680,11500.0,77505.5549,56,0.9999997898526702,High
C1653,493252.0,2749535.189,58,0.9999997898526702,High
C1471,15143858.0,5501094.6725,53,0.9999997898526702,High
C1475,28085808.6,8218144.1136,46,0.9999997898526702,High
C1479,43667.4,984499.558,49,0.9999997898526702,High
C1452,666969.1,817402.8469,91,0.9999997898526702,High
C1655,159600.0,1407020.8725,58,0.9999997898526702,High
C166,5977148.1,2408354.6756,35,0.9999997898526702,High
C1663,7233658.3,17245492.526,58,0.9999997898526702,High
C1664,4240.2,118279.786,57,0.9999997898526702,High
C1638,336.0,734005.084,59,0.9999997898526702,High
C1640,1048257.7,1578448.0976,59,0.9999997898526702,High
C1641,8545586.2,11097458.9713,36,0.9999997898526702,High
C1643,447000.0,713598.17,56,0.9999997898526702,High
C1644,136335.6,120156.1175,50,0.9999997898526702,High
C1646,1167.6,116726.1805,59,0.9999997898526702,High
C1647,1167.6,101090.7345,59,0.9999997898526702,High
C1648,67620.0,1342517.9192,59,0.9999997898526702,High
C1623,194110.0,197661.56,63,0.9999997898526702,High
C1625,110137.5,365611.7132,63,0.9999997898526702,High
C1488,608.0,35021.424,87,0.9999997898526702,High
C1489,627980.0,361859.0884,35,0.9999997898526702,High
C1491,162500.0,230124.3705,79,0.9999997898526702,High
C1627,4981.2,64321.578,35,0.9999997898526702,High
C1628,1242125.0,150576.5,49,0.9999997898526702,High
C1635,2044022.0,2114500.0,36,0.9999997898526702,High
C1610,142250.0,274129.593,58,0.9999997898526702,High
C1611,37620.0,41349.52,46,0.9999997898526702,High
C1612,750000.0,2323659.042,64,0.9999997898526702,High
C1614,1049.4,1602665.4271,64,0.9999997898526702,High
C1617,70130.9,128056.4444,63,0.9999997898526702,High
C1618,89400.0,291566.112,63,0.9999997898526702,High
C1597,10185.0,166022.4116,46,0.9999997898526702,High
C1498,69713.9,551965.2985,58,0.9999997898526702,High
C1499,963899.2,944790.368,64,0.9999997898526702,High
C1500,13800.0,2084927.6884,86,0.9999997898526702,High
C1503,34650.0,37003.63,84,0.9999997898526702,High
C1506,83035.0,99929.4081,50,0.9999997898526702,High
C1480,47892.0,31351.6796,49,0.9999997898526702,High
C16,14743578.4,641767.8753,119,0.9999997898526702,High
C1601,101953.7,571941.7412,66,0.9999997898526702,High
C1602,37968.0,10001021.1617,66,0.9999997898526702,High
C1581,6692860.0,24002861.0605,50,0.9999997898526702,High
C1588,294100.0,261849.8812,53,0.9999997898526702,High
C1589,2557164.1,1400682.9908,46,0.9999997898526702,High
C1590,98926.4,105909.4128,71,0.9999997898526702,High
C1592,9955244.7,18372431.1559,59,0.9999997898526702,High
C1567,1906455.3,992824.1364,58,0.9999997898526702,High
C1568,4296.6,6383448.1332,74,0.9999997898526702,High
C1510,315369.9,106073.9903,59,0.9999997898526702,High
C1511,482391.0,501132.1204,74,0.9999997898526702,High
C1515,5904.0,14796.434,73,0.9999997898526702,High
C1516,233.7,4546335.3434,81,0.9999997898526702,High
C1517,114843.6,37397.026,72,0.9999997898526702,High
C1518,1258.8,26897.95,81,0.9999997898526702,High
C1519,189168.2,925312.2192,81,0.9999997898526702,High
C1495,1360727.5,1429329.594,64,0.9999997898526702,High
C1496,53522.5,369343.2752,86,0.9999997898526702,High
C1569,6124.2,576404.5572,74,0.9999997898526702,High
C1570,9881.8,1063357.8433,74,0.9999997898526702,High
C1571,6127.2,310167.6512,74,0.9999997898526702,High
C1573,7021.5,1594605.1025,73,0.9999997898526702,High
C1575,97300.0,175904.3864,73,0.9999997898526702,High
C1578,8867013.9,7127809.1768,35,0.9999997898526702,High
C1552,135948.2,63033.224,63,0.9999997898526702,High
C1553,517527.5,2746522.8288,64,0.9999997898526702,High
C1526,203400.0,206688.9254,79,0.9999997898526702,High
C1527,17400.0,178334.865,79,0.9999997898526702,High
C1530,222685.0,151735.365,64,0.9999997898526702,High
C1533,251604.0,50005.188,37,0.9999997898526702,High
C1534,601771.9,10833418.9951,78,0.9999997898526702,High
C1508,1133366.1,1244401.1352,84,0.9999997898526702,High
C1509,298221.2,324474.0752,53,0.9999997898526702,High
C1555,1201.2,547788.3352,74,0.9999997898526702,High
C1556,6097.7,333214.4744,74,0.9999997898526702,High
C1557,4283.2,258922.4453,74,0.9999997898526702,High
C1558,3577600.0,2995034.7904,53,0.9999997898526702,High
C1559,6122.2,817047.226,74,0.9999997898526702,High
C1560,6135.2,129014059.7174,74,0.9999997898526702,High
C1561,230938.3,1009050.6577,74,0.9999997898526702,High
C1562,6122.2,2602258.3892,74,0.9999997898526702,High
C1563,6135.6,3020783.4704,74,0.9999997898526702,High
C1564,4267.9,3146582.0588,74,0.9999997898526702,High
C1565,6193.5,392702.7052,74,0.9999997898526702,High
C1537,4218124.6,1966559.2832,64,0.9999997898526702,High
C1539,207500.0,276818.95,78,0.9999997898526702,High
C154,1020363.6,197811.7899,143,0.9999997898526702,High
C1540,4438811.7,2003071.8649,66,0.9999997898526702,High
C1541,20412.0,45663.798,77,0.9999997898526702,High
C1542,35.0,114554.994,49,0.9999997898526702,High
C1544,17835397.5,5636912.2768,46,0.9999997898526702,High
C1545,1365011.0,890005.927,77,0.9999997898526702,High
C1546,6086.8,910593.3947,74,0.9999997898526702,High
C1547,1205.4,870033.6644,74,0.9999997898526702,High
C1548,6210.3,1735539.4425,74,0.9999997898526702,High
C1550,1400.0,32336.059,74,0.9999997898526702,High
C1006,545700.0,2612994.6776,50,0.9999997898526702,High
C1010,9810073.100000001,2525905.0623,123,0.9999997898526702,High
C1012,1785.0,168258.0035,130,0.9999997898526702,High
C1014,98240.0,198294.42,128,0.9999997898526702,High
C1015,754.0,101744.2965,130,0.9999997898526702,High
C987,2762726.9,4092936.9396,115,0.9999997898526702,High
C975,417771.5,584499.9998,134,0.9999997898526702,High
C980,954650.0,821454.0869,121,0.9999997898526702,High
C982,16386646.0,76188037.2455,37,0.9999997898526702,High
C1,9989117.6,51788.0632,0,8.822287969783501e-08,Low
C100,891162.2,386494.1594,0,8.822287969783501e-08,Low
C1000,682756.0,1593601.9184,1,8.822287969783501e-08,Low
C1001,8111133.5,1197186.0172,7,8.822287969783501e-08,Low
C984,77452.0,135563.5655,10,8.822287969783501e-08,Low
C983,2118268.9,1122645.9024,2,8.822287969783501e-08,Low
C981,12540252.0,2778548.712,3,8.822287969783501e-08,Low
C1029,1047535.4,1339046.7204,8,8.822287969783501e-08,Low
C103,753141.5,41817.5249,4,8.822287969783501e-08,Low
C1030,265362.3,1301004.3463,4,8.822287969783501e-08,Low
C972,229232.0,113539.4446,14,8.822287969783501e-08,Low
C959,3392289.7,137030.7905,7,8.822287969783501e-08,Low
C96,75321784.2,1133356.0737,4,8.822287969783501e-08,Low
C960,2860060.8,257275.2692,0,8.822287969783501e-08,Low
C962,760493.8,1128640.9844,2,8.822287969783501e-08,Low
C963,21889398.7,2511326.1923,0,8.822287969783501e-08,Low
C964,5450558.6,331387.2056,0,8.822287969783501e-08,Low
C966,3630275.0,1896567.6992,1,8.822287969783501e-08,Low
C967,97386.0,493518.7028,1,8.822287969783501e-08,Low
C969,132459.3,46362.6532,14,8.822287969783501e-08,Low
C97,83197370.6,4214799.6824,0,8.822287969783501e-08,Low
C942,5924482.2,759709.9767,30,8.822287969783501e-08,Low
C1035,12758721.0,14271692.1751,0,8.822287969783501e-08,Low
C1529,736376.2999999999,125276.7711,9,8.822287969783501e-08,Low
C153,14953418.4,3230670.8643,2,8.822287969783501e-08,Low
C1531,24677031.3,3806056.6218,8,8.822287969783501e-08,Low
C1532,361368.0,145615.036,10,8.822287969783501e-08,Low
C1535,10124015.1,1250493.6396,4,8.822287969783501e-08,Low
C1536,120311.5,35269.1655,10,8.822287969783501e-08,Low
C151,62883639.3,8267686.4544,0,8.822287969783501e-08,Low
C1554,267893.6,1681937.8564,15,8.822287969783501e-08,Low
C156,6679759.6,186016.9598,15,8.822287969783501e-08,Low
C1538,246261.0,99046.2753,4,8.822287969783501e-08,Low
C1543,5333566.7,890295.2133,3,8.822287969783501e-08,Low
C1549,695735.6,3647668.7985,22,8.822287969783501e-08,Low
C155,8594775.6,2719523.9641,0,8.822287969783501e-08,Low
C1522,2150548.6,762908.5056,0,8.822287969783501e-08,Low
C1523,619856.7,151107.6196,9,8.822287969783501e-08,Low
C1524,6607409.6,3267193.036,1,8.822287969783501e-08,Low
C1513,19930380.3,1164040.1704,9,8.822287969783501e-08,Low
C1514,252485.0,529418.27,2,8.822287969783501e-08,Low
C152,650040.4,375193.7361,1,8.822287969783501e-08,Low
C1520,54552481.5,2908475.7555,1,8.822287969783501e-08,Low
C1521,96522.0,75877.956,3,8.822287969783501e-08,Low
C1494,4545788.5,995907.7956,7,8.822287969783501e-08,Low
C157,126336.1,179155.0004,1,8.822287969783501e-08,Low
C1572,6067029.2,485544.2832,4,8.822287969783501e-08,Low
C1574,1021158.3,286633.905,1,8.822287969783501e-08,Low
C1576,9989.2,8436.704,25,8.822287969783501e-08,Low
C1577,1350039.4,1094709.1624,25,8.822287969783501e-08,Low
C1579,20087690.1,3146088.3566,0,8.822287969783501e-08,Low
C158,101200539.2,6545980.6728,0,8.822287969783501e-08,Low
C1551,311564.0,104224.18,1,8.822287969783501e-08,Low
C1525,5149284.4,4151682.2668,3,8.822287969783501e-08,Low
C1528,14432126.8,952851.7928,0,8.822287969783501e-08,Low
C1606,102736.0,81066.705,24,8.822287969783501e-08,Low
C1607,116708381.3,5296129.7636,0,8.822287969783501e-08,Low
C1608,150200.0,653305.44,23,8.822287969783501e-08,Low
C1580,347190.0,432253.832,8,8.822287969783501e-08,Low
C1582,5465408.0,2386950.5896,1,8.822287969783501e-08,Low
C1583,7527713.2,448656.9464,0,8.822287969783501e-08,Low
C1584,1068087.4,320556.2504,3,8.822287969783501e-08,Low
C1585,1621857.0,1057582.4788,2,8.822287969783501e-08,Low
C1586,24302.0,33083.8415,3,8.822287969783501e-08,Low
C1587,1154790.1,363002.4754,1,8.822287969783501e-08,Low
C159,26299319.5,290923.4376,0,8.822287969783501e-08,Low
C1591,16156964.4,2944405.6548,0,8.822287969783501e-08,Low
C1593,1299502.2,795546.3912,8,8.822287969783501e-08,Low
C1594,139115.4,352773.8184,1,8.822287969783501e-08,Low
C1566,300084.8,1211619.6528,16,8.822287969783501e-08,Low
C1512,10820760.0,5531670.1266,2,8.822287969783501e-08,Low
C15,180570.0,123770.1,0,8.822287969783501e-08,Low
C150,281475.0,112195.7236,2,8.822287969783501e-08,Low
C1501,3213292.5999999996,1185340.396,16,8.822287969783501e-08,Low
C1502,1251312.4,176066.4704,8,8.822287969783501e-08,Low
C1504,12014694.9,1078772.5204,2,8.822287969783501e-08,Low
C1505,14056501.6,2700624.8568,3,8.822287969783501e-08,Low
C1507,2368120.8,338304.7716,10,8.822287969783501e-08,Low
C148,31904294.2,3805232.172,1,8.822287969783501e-08,Low
C1481,901259.1,208475.8636,0,8.822287969783501e-08,Low
C1598,296115.0,2318214.2985,11,8.822287969783501e-08,Low
C1599,3317031.0,644723.5427,2,8.822287969783501e-08,Low
C160,101300065.9,3044549.0164,0,8.822287969783501e-08,Low
C1600,81027.2,798617.7885,8,8.822287969783501e-08,Low
C1603,6719603.8,9549409.4266,1,8.822287969783501e-08,Low
C1604,18905923.3,5054699.978,3,8.822287969783501e-08,Low
C1605,14608450.1,3120195.9524,11,8.822287969783501e-08,Low
C1634,133888207.5,21888502.1136,0,8.822287969783501e-08,Low
C1636,447815.0,155148.3672,1,8.822287969783501e-08,Low
C1637,191737.5,55761.9238,0,8.822287969783501e-08,Low
C1609,1146.2,461100.83,0,8.822287969783501e-08,Low
C161,41425400.8,7184798.1468,1,8.822287969783501e-08,Low
C1613,642685.7,237345.194,2,8.822287969783501e-08,Low
C1615,485250.0,1434783.228,15,8.822287969783501e-08,Low
C1616,1524600.0,11382283.4871,0,8.822287969783501e-08,Low
C1619,3049362.5,1434651.7553,0,8.822287969783501e-08,Low
C162,33223283.6,840189.0232,0,8.822287969783501e-08,Low
C1620,65483.7,70748.6412,7,8.822287969783501e-08,Low
C1621,3890005.0,3157512.4296,7,8.822287969783501e-08,Low
C1622,1819076.0,2977641.863,2,8.822287969783501e-08,Low
C1595,240365.0,142259.905,25,8.822287969783501e-08,Low
C1596,7309564.7,352422.1068,4,8.822287969783501e-08,Low
C1497,1132883.2,811654.5716,1,8.822287969783501e-08,Low
C1486,665563.0,280242.3296,0,8.822287969783501e-08,Low
C1487,694195.0,4173612.4955,9,8.822287969783501e-08,Low
C149,669481945.4,57833719.8282,0,8.822287969783501e-08,Low
C1490,1565518.8,131643.416,0,8.822287969783501e-08,Low
C1492,2884248.1,194547.2332,10,8.822287969783501e-08,Low
C1493,5415003.4,2228074.3599,0,8.822287969783501e-08,Low
C1465,8977082.3,776328.431,7,8.822287969783501e-08,Low
C1466,33547547.2,1617883.235,7,8.822287969783501e-08,Low
C1467,2386283.9,183446.8564,4,8.822287969783501e-08,Low
C1626,2599364.7,138547.5624,9,8.822287969783501e-08,Low
C1629,9064577.6,4422940.5157,18,8.822287969783501e-08,Low
C163,21121158.7,3604803.8677,11,8.822287969783501e-08,Low
C1630,473240.0,128738.18,16,8.822287969783501e-08,Low
C1631,55214751.7,19889468.6932,0,8.822287969783501e-08,Low
C1632,12861365.0,7470530.6304,0,8.822287969783501e-08,Low
C1633,2114295.1,561805.2251,3,8.822287969783501e-08,Low
C1662,40002731.8,2775929.1771,0,8.822287969783501e-08,Low
C1665,8919438.2,2657930.3244,4,8.822287969783501e-08,Low
C1666,16412324.6,1428927.029,2,8.822287969783501e-08,Low
C1639,105579.6,157342.038,3,8.822287969783501e-08,Low
C164,70691008.8,12417225.8314,0,8.822287969783501e-08,Low
C1642,768627.3999999999,196640.7699,3,8.822287969783501e-08,Low
C1645,98199.0,99500.0,22,8.822287969783501e-08,Low
C1649,129200.0,424431.07,3,8.822287969783501e-08,Low
C165,45761687.3,1667511.4654,14,8.822287969783501e-08,Low
C1650,1225371.0,639163.9573,10,8.822287969783501e-08,Low
C1651,1598329.0,7014568.8889,7,8.822287969783501e-08,Low
C1624,4036731.3,1309321.9658,8,8.822287969783501e-08,Low
C1482,131031.5,74429.4244,14,8.822287969783501e-08,Low
C1483,2836596.9,190508.1388,9,8.822287969783501e-08,Low
C1484,1311222.0,953982.1076,8,8.822287969783501e-08,Low
C1485,48285.0,24483.86,7,8.822287969783501e-08,Low
C147,2927300.0,2751700.9606,24,8.822287969783501e-08,Low
C1470,5444858.0,729294.801,11,8.822287969783501e-08,Low
C1472,100310.5,161946.0588,1,8.822287969783501e-08,Low
C1473,37802098.1,3230722.8868,0,8.822287969783501e-08,Low
C1474,3687454.2,850276.3899,1,8.822287969783501e-08,Low
C1476,3824251.5,33391.1269,2,8.822287969783501e-08,Low
C1477,7056197.9,3554992.6166,0,8.822287969783501e-08,Low
C1478,70008.0,57933.368,7,8.822287969783501e-08,Low
C1450,780575.7,116140.9215,8,8.822287969783501e-08,Low
C1451,30325.0,148108.157,2,8.822287969783501e-08,Low
C1656,5732169.0,2656124.3562,4,8.822287969783501e-08,Low
C1657,215054.4,592854.377,2,8.822287969783501e-08,Low
C1658,2276138.6,168791.9396,4,8.822287969783501e-08,Low
C1659,5685386.1,4313485.1028,29,8.822287969783501e-08,Low
C1660,3663580.5,601033.178,10,8.822287969783501e-08,Low
C1661,4331669.2,402161.92,0,8.822287969783501e-08,Low
C1690,938700.0,1081422.2545,14,8.822287969783501e-08,Low
C1694,2440878.4,527037.7264,1,8.822287969783501e-08,Low
C1667,7888070.5,2964688.0933,0,8.822287969783501e-08,Low
C1668,720768.0,275267.38,15,8.822287969783501e-08,Low
C167,114725613.5,2747408.4092,1,8.822287969783501e-08,Low
C1670,12672103.6,1039456.5571,8,8.822287969783501e-08,Low
C1672,336512.0,298282.79,15,8.822287969783501e-08,Low
C1673,3393632.0,364454.8396,16,8.822287969783501e-08,Low
C1676,678755.0,717004.7147,0,8.822287969783501e-08,Low
C1677,349642.5,767496.6295,7,8.822287969783501e-08,Low
C1678,1533285.1,616807.3596,0,8.822287969783501e-08,Low
C1679,3364432.9,422654.1697,2,8.822287969783501e-08,Low
C1652,5068454.5,2087436.8125,0,8.822287969783501e-08,Low
C1654,447163.8,1005808.0239,1,8.822287969783501e-08,Low
C1468,21673738.9,881757.3445,1,8.822287969783501e-08,Low
C1469,14564610.5,6084436.8636,11,8.822287969783501e-08,Low
C1457,12637.0,106081.6178,8,8.822287969783501e-08,Low
C1458,12000.0,159634.0914,8,8.822287969783501e-08,Low
C1459,896947.9,145662.9824,0,8.822287969783501e-08,Low
C146,265724841.7,5612543.8205,2,8.822287969783501e-08,Low
C1460,1156495.0,1316887.3269,21,8.822287969783501e-08,Low
C1461,11991.0,93572.6059,8,8.822287969783501e-08,Low
C1462,1737954.0,528421.366,1,8.822287969783501e-08,Low
C1463,235080.0,267507.3335,17,8.822287969783501e-08,Low
C1464,11994.0,131686.292,8,8.822287969783501e-08,Low
C1436,159488020.2,28909019.6463,0,8.822287969783501e-08,Low
C1437,1329620.9,103299.9055,10,8.822287969783501e-08,Low
C1438,38894.0,158907.1024,8,8.822287969783501e-08,Low
C1685,1793218.2,3336124.3696,0,8.822287969783501e-08,Low
C1686,293708.5,349182.4544,11,8.822287969783501e-08,Low
C1688,122913.2,99012.9755,1,8.822287969783501e-08,Low
C169,3043465.2,77291.4491,0,8.822287969783501e-08,Low
C1718,416510.0,478869.7348,2,8.822287969783501e-08,Low
C1721,1498570.0,4253112.0442,22,8.822287969783501e-08,Low
C1723,6587510.8,917931.2635,0,8.822287969783501e-08,Low
C1696,69386230.9,5197170.605,0,8.822287969783501e-08,Low
C1698,1757564.6,585557.8856,1,8.822287969783501e-08,Low
C170,72150959.8,1340713.3135,0,8.822287969783501e-08,Low
C1700,1819118.4,398377.6298,3,8.822287969783501e-08,Low
C1701,18236.4,85769.1505,14,8.822287969783501e-08,Low
C1702,14912.7,70428.7105,14,8.822287969783501e-08,Low
C1707,5549645.1,1063574.0311,9,8.822287969783501e-08,Low
C1681,4195410.0,859368.4235,11,8.822287969783501e-08,Low
C1682,3980160.0,917719.52,8,8.822287969783501e-08,Low
C1683,2892.1,2992757.1752,15,8.822287969783501e-08,Low
C1453,11997.0,86198.5482,8,8.822287969783501e-08,Low
C1454,897110.5,197362.0655,2,8.822287969783501e-08,Low
C1455,4241293.5,266165.9195,9,8.822287969783501e-08,Low
C144,26584884.2,12320077.8919,2,8.822287969783501e-08,Low
C1440,377860.5,2478849.6104,0,8.822287969783501e-08,Low
C1441,440601.8,148789.4928,7,8.822287969783501e-08,Low
C1442,2488800.0,3353788.8421,14,8.822287969783501e-08,Low
C1443,25935.0,26046.26,23,8.822287969783501e-08,Low
C1444,1705504.4,746012.7579,0,8.822287969783501e-08,Low
C1445,3475851.5,2889079.9966,18,8.822287969783501e-08,Low
C1446,5514306.1,227598.0956,9,8.822287969783501e-08,Low
C1447,8249390.6,4323438.5363,18,8.822287969783501e-08,Low
C1449,1214729.0,95255.4485,0,8.822287969783501e-08,Low
C145,35588298.2,960408.1029,2,8.822287969783501e-08,Low
C1421,1024213.0,149013.6244,18,8.822287969783501e-08,Low
C1712,315155.0,295892.8796,11,8.822287969783501e-08,Low
C1713,2116.0,43884.5088,29,8.822287969783501e-08,Low
C1716,48708363.6,6443531.5678,0,8.822287969783501e-08,Low
C1717,28149931.200000003,7120451.2708,14,8.822287969783501e-08,Low
C1750,708934.8,619197.1171,1,8.822287969783501e-08,Low
C1751,720666.2,177149.8292,10,8.822287969783501e-08,Low
C1752,5380188.2,387415.3413,1,8.822287969783501e-08,Low
C1724,8651536.1,830541.1156,0,8.822287969783501e-08,Low
C1725,478575.0,1233244.132,7,8.822287969783501e-08,Low
C1726,1391155.0,3542561.4988,2,8.822287969783501e-08,Low
C1727,3831801.0,280722.7268,1,8.822287969783501e-08,Low
C1728,23957959.9,1453372.24,0,8.822287969783501e-08,Low
C1729,224934.0,153136.4008,10,8.822287969783501e-08,Low
C173,197127274.8,2082034.3292,0,8.822287969783501e-08,Low
C1731,65526.5,88174.62,25,8.822287969783501e-08,Low
C1733,856676.0,852087.492,1,8.822287969783501e-08,Low
C1735,5152994.7,5755028.7475,2,8.822287969783501e-08,Low
C1738,434972.0,120979.6764,9,8.822287969783501e-08,Low
C1710,5711085.9,1941434.5755,0,8.822287969783501e-08,Low
C1711,1853533.9,289441.9216,1,8.822287969783501e-08,Low
C1425,1996955.4,2173548.7429,1,8.822287969783501e-08,Low
C1426,7242730.9,3810697.1192,18,8.822287969783501e-08,Low
C1427,10106268.8,4223484.278,8,8.822287969783501e-08,Low
C1428,6719026.4,789031.034,0,8.822287969783501e-08,Low
C1429,5596740.8,1280629.1772,4,8.822287969783501e-08,Low
C143,75694957.0,18584826.6646,0,8.822287969783501e-08,Low
C1430,96450.0,398967.8824,11,8.822287969783501e-08,Low
C1431,4228653.2,593730.4357,0,8.822287969783501e-08,Low
C1433,1276278.9,412910.2028,0,8.822287969783501e-08,Low
C1434,4969141.0,2146184.9092,18,8.822287969783501e-08,Low
C1435,4440981.2,1100758.4047,0,8.822287969783501e-08,Low
C1407,90809359.4,13665212.3648,11,8.822287969783501e-08,Low
C1745,955250.9,312980.2664,0,8.822287969783501e-08,Low
C1746,9077105.0,1047130.321,0,8.822287969783501e-08,Low
C1747,1526948.3,1815925.7551,3,8.822287969783501e-08,Low
C175,112925492.0,19820730.2159,0,8.822287969783501e-08,Low
C1412,4024630.0,9432036.7789,22,8.822287969783501e-08,Low
C1413,21609.399999999998,31085.0224,22,8.822287969783501e-08,Low
C1416,1087674.2,1398116.9203,22,8.822287969783501e-08,Low
C1418,207482.4,379074.7816,1,8.822287969783501e-08,Low
C142,73565921.2,2535271.8282,0,8.822287969783501e-08,Low
C1395,9853745.4,1506045.2307,1,8.822287969783501e-08,Low
C1759,4776660.6,481709.4182,2,8.822287969783501e-08,Low
C176,901415.3,894510.7121,3,8.822287969783501e-08,Low
C1760,6131921.0,2993847.343,18,8.822287969783501e-08,Low
C1761,2464464.4,685835.886,0,8.822287969783501e-08,Low
C1762,17221719.0,31623651.0384,15,8.822287969783501e-08,Low
C1763,2445000.0,1317715.0,25,8.822287969783501e-08,Low
C1764,3962953.0,792572.2585,0,8.822287969783501e-08,Low
C1765,42300000.0,22907321.3102,25,8.822287969783501e-08,Low
C1739,1554621.0,271047.8217,7,8.822287969783501e-08,Low
C174,11964590.0,1686379.6877,2,8.822287969783501e-08,Low
C1794,3780.0,1525428.0608,23,8.822287969783501e-08,Low
C1768,115370.0,87164.4008,0,8.822287969783501e-08,Low
C1769,1195189.6,1466591.4519,0,8.822287969783501e-08,Low
C177,55417533.3,2152565.8873,1,8.822287969783501e-08,Low
C1770,5326131.9,540779.2524,3,8.822287969783501e-08,Low
C1772,1973694.9,253012.2366,14,8.822287969783501e-08,Low
C1773,871570.0,336177.77,0,8.822287969783501e-08,Low
C1775,5114340.2,10422484.1924,2,8.822287969783501e-08,Low
C1776,717655.0,244904.9639,24,8.822287969783501e-08,Low
C1777,2068842.0,1226796.803,2,8.822287969783501e-08,Low
C1778,93842.0,2660878.9866,30,8.822287969783501e-08,Low
C1779,421644.8,83122.2157,15,8.822287969783501e-08,Low
C1780,254931.59999999998,121802.5064,16,8.822287969783501e-08,Low
C1753,14527.8,1028249.9968,29,8.822287969783501e-08,Low
C141,68263344.5,12796989.0408,10,8.822287969783501e-08,Low
C1410,720830.0,933340.3584,30,8.822287969783501e-08,Low
C1801,4200000.0,4130950.0,24,8.822287969783501e-08,Low
C1803,3404.4,4312173.9521,17,8.822287969783501e-08,Low
C1804,96187.0,1701998.4481,3,8.822287969783501e-08,Low
C1805,3383.4,967564.6744,17,8.822287969783501e-08,Low
C1806,179324.7,258642.6366,21,8.822287969783501e-08,Low
C1807,14488539.4,4866176.2754,0,8.822287969783501e-08,Low
C1809,3350.7,67609.7936,17,8.822287969783501e-08,Low
C181,805916.5,176280.248,1,8.822287969783501e-08,Low
C1783,2147849.6,19034940.3956,0,8.822287969783501e-08,Low
C1784,41059.8,431348.7835,0,8.822287969783501e-08,Low
C1786,431963.0,32675.1407,0,8.822287969783501e-08,Low
C1787,25758356.8,20924775.1133,17,8.822287969783501e-08,Low
C179,4618177.9,143176.5124,0,8.822287969783501e-08,Low
C1790,4861603.6,909677.9892,0,8.822287969783501e-08,Low
C1791,3216556.4,2008557.9848,16,8.822287969783501e-08,Low
C1793,177495.0,199500.0,30,8.822287969783501e-08,Low
C1797,3400.2,16124261.6645,17,8.822287969783501e-08,Low
C1396,633375.7,1539594.9832,24,8.822287969783501e-08,Low
C1397,5222773.6,1403337.037,0,8.822287969783501e-08,Low
C1398,203180709.4,19688796.9689,3,8.822287969783501e-08,Low
C14,15154650.3,401570.7016,0,8.822287969783501e-08,Low
C140,27935516.6,1590433.2632,1,8.822287969783501e-08,Low
C1400,293222.4,384302.3758,0,8.822287969783501e-08,Low
C1401,14273216.6,2352590.4684,9,8.822287969783501e-08,Low
C1402,22450639.5,3111539.6621,0,8.822287969783501e-08,Low
C1403,1392016.5,345219.9605,0,8.822287969783501e-08,Low
C1404,2584803.4,141904.5909,16,8.822287969783501e-08,Low
C1405,10335690.4,1258071.5344,2,8.822287969783501e-08,Low
C138,690043.9,874921.3918,1,8.822287969783501e-08,Low
C1380,253674.0,7465506.0787,0,8.822287969783501e-08,Low
C18,27438012.6,2341421.5204,0,8.822287969783501e-08,Low
C180,85740581.8,3677092.0437,0,8.822287969783501e-08,Low
C1838,6914168.0,927489.328,0,8.822287969783501e-08,Low
C1839,619017.7,782046.1772,22,8.822287969783501e-08,Low
C1811,52960.0,190767.4954,22,8.822287969783501e-08,Low
C1812,168554.2,651469.6297,16,8.822287969783501e-08,Low
C1813,36644.6,253685.3133,4,8.822287969783501e-08,Low
C1814,14059834.5,3595610.904,0,8.822287969783501e-08,Low
C1815,27860.0,241540.3588,18,8.822287969783501e-08,Low
C1816,3500.5,93448.5903,30,8.822287969783501e-08,Low
C1817,5483578.8,1446190.4636,0,8.822287969783501e-08,Low
C1818,83289.0,114824.364,2,8.822287969783501e-08,Low
C1819,220600.0,338359.5,24,8.822287969783501e-08,Low
C1820,5351909.0,508395.364,1,8.822287969783501e-08,Low
C1821,175200.0,557155.5994,2,8.822287969783501e-08,Low
C1822,5940.0,53377.468,29,8.822287969783501e-08,Low
C1823,458900.3,2136750.8372,0,8.822287969783501e-08,Low
C1824,665021.3,368006.3016,7,8.822287969783501e-08,Low
C1851,8682313.0,3977614.6595,2,8.822287969783501e-08,Low
C1852,798000.0,798223.4123,8,8.822287969783501e-08,Low
C1853,872548.5,223001.7372,0,8.822287969783501e-08,Low
C1825,42400.0,49701.6,29,8.822287969783501e-08,Low
C1826,290475.0,95565.575,7,8.822287969783501e-08,Low
C1827,28000.0,548998.8912,29,8.822287969783501e-08,Low
C1828,2536600.0,2469445.2144,0,8.822287969783501e-08,Low
C1829,288600.0,151320.3656,16,8.822287969783501e-08,Low
C1830,2650500.0,1543546.0,17,8.822287969783501e-08,Low
C1831,30918.800000000003,30959.6956,14,8.822287969783501e-08,Low
C1832,5840010.0,9462229.3455,25,8.822287969783501e-08,Low
C1833,6470382.2,581767.5734,3,8.822287969783501e-08,Low
C1834,2735897.1,1052420.5316,14,8.822287969783501e-08,Low
C1835,13478263.5,1659201.2368,0,8.822287969783501e-08,Low
C1836,229500.0,1264861.8391,24,8.822287969783501e-08,Low
C1837,353467.4,1333936.9947,24,8.822287969783501e-08,Low
C1865,728575.0,253839.7075,11,8.822287969783501e-08,Low
C1866,2020.8,543434.7068,23,8.822287969783501e-08,Low
C1867,2507755.0,1549471.98,11,8.822287969783501e-08,Low
C1868,58980.0,126054.7996,23,8.822287969783501e-08,Low
C1840,151330.0,417693.9972,17,8.822287969783501e-08,Low
C1841,1421621.1,519813.0513,3,8.822287969783501e-08,Low
C1842,892687.5,263210.6369,0,8.822287969783501e-08,Low
C1843,2543487.2,906164.9102,0,8.822287969783501e-08,Low
C1844,16210.0,67168.656,24,8.822287969783501e-08,Low
C1845,8026440.5,1439367.0952,0,8.822287969783501e-08,Low
C1846,618000.0,644778.6622,24,8.822287969783501e-08,Low
C1847,2033750.0,2046454.068,0,8.822287969783501e-08,Low
C1848,24536275.9,5363229.4723,1,8.822287969783501e-08,Low
C1849,680242.5,91111.7725,3,8.822287969783501e-08,Low
C185,179307512.5,5606857.1071,0,8.822287969783501e-08,Low
C1850,148478.7,75213.3646,3,8.822287969783501e-08,Low
C1879,294665.5,851609.2631,14,8.822287969783501e-08,Low
C188,8085871.7,1212563.1817,1,8.822287969783501e-08,Low
C1880,407500.0,914605.358,15,8.822287969783501e-08,Low
C1881,1661298.0,1661904.966,2,8.822287969783501e-08,Low
C1882,15775.4,2699670.0036,14,8.822287969783501e-08,Low
C1854,794942.0,799500.0,23,8.822287969783501e-08,Low
C1855,3214936.1,2343884.3328,0,8.822287969783501e-08,Low
C1856,352515.0,1845146.6056,2,8.822287969783501e-08,Low
C1857,2153990.0,497801.035,11,8.822287969783501e-08,Low
C1858,5706000.0,1997306.8616,16,8.822287969783501e-08,Low
C1859,1084017.7,464416.2081,1,8.822287969783501e-08,Low
C1860,243674.0,333746.598,15,8.822287969783501e-08,Low
C1861,13618782.9,1067338.7599,1,8.822287969783501e-08,Low
C1862,292405.5,91601.8716,1,8.822287969783501e-08,Low
C1863,235917.0,208376.1622,23,8.822287969783501e-08,Low
C1864,1344171.0,6033931.982,0,8.822287969783501e-08,Low
C1893,10241019.0,2907032.743,0,8.822287969783501e-08,Low
C1894,10130.9,2031948.2017,21,8.822287969783501e-08,Low
C1895,3104.4,261732.0864,21,8.822287969783501e-08,Low
C1896,1210514.0,408686.0,0,8.822287969783501e-08,Low
C1897,9385.2,127970.5208,21,8.822287969783501e-08,Low
C1869,685563.4,852379.0492,0,8.822287969783501e-08,Low
C187,1685040.1,118664.4935,0,8.822287969783501e-08,Low
C1870,4909672.4,1279979.1828,0,8.822287969783501e-08,Low
C1871,1748629.5,518239.5348,0,8.822287969783501e-08,Low
C1872,3621129.9,363043.2068,1,8.822287969783501e-08,Low
C1873,219254.0,230000.0,2,8.822287969783501e-08,Low
C1874,167286.5,353018.6653,14,8.822287969783501e-08,Low
C1875,4192372.8,480150.6948,0,8.822287969783501e-08,Low
C1876,62895.0,510774.9983,1,8.822287969783501e-08,Low
C1877,1861027.4,361392.9548,9,8.822287969783501e-08,Low
C1878,49270.0,53302.4604,22,8.822287969783501e-08,Low
C1907,456546.4,207918.318,4,8.822287969783501e-08,Low
C1908,2889.6,72182.4928,16,8.822287969783501e-08,Low
C1909,15952.4,330552.8893,17,8.822287969783501e-08,Low
C191,41260913.1,2754250.6583,1,8.822287969783501e-08,Low
C1910,1373.4,182742.3991,17,8.822287969783501e-08,Low
C1883,388000.0,399500.0,21,8.822287969783501e-08,Low
C1884,793023.0,799500.0,21,8.822287969783501e-08,Low
C1885,506098.2,3051327.7744,3,8.822287969783501e-08,Low
C1886,315264.0,378616.731,16,8.822287969783501e-08,Low
C1887,3699365.0,585351.4957,0,8.822287969783501e-08,Low
C1888,121000.0,198537.0,21,8.822287969783501e-08,Low
C1889,15706448.2,27198357.3229,1,8.822287969783501e-08,Low
C189,18355888.4,693118.8228,1,8.822287969783501e-08,Low
C1890,277701.5,48079.0248,9,8.822287969783501e-08,Low
C1891,64863260.8,135933699.9116,17,8.822287969783501e-08,Low
C1892,31965.0,1170266.8191,16,8.822287969783501e-08,Low
C1921,1237640.0,1139896.65,16,8.822287969783501e-08,Low
C1922,3940447.1,1976934.8897,7,8.822287969783501e-08,Low
C1923,430583.0,211420.2209,16,8.822287969783501e-08,Low
C1924,4695.0,4841.22,16,8.822287969783501e-08,Low
C1925,801501.2,166544.6964,0,8.822287969783501e-08,Low
C1898,461300.0,499500.0,15,8.822287969783501e-08,Low
C1899,32254910.3,17002030.0588,16,8.822287969783501e-08,Low
C19,87756240.7,27800798.9973,1,8.822287969783501e-08,Low
C190,140772.0,21723.4564,29,8.822287969783501e-08,Low
C1900,1010946.0,1830608.682,18,8.822287969783501e-08,Low
C1901,4578559.8,603296.6086,0,8.822287969783501e-08,Low
C1902,132099396.2,98540068.656,1,8.822287969783501e-08,Low
C1903,629042.4,787687.7531,2,8.822287969783501e-08,Low
C1904,15956.6,113344.4085,17,8.822287969783501e-08,Low
C1905,4585865.2,2006395.5371,2,8.822287969783501e-08,Low
C1906,1659146.4000000001,2811402.3176,3,8.822287969783501e-08,Low
C1936,674340.0,381050.5717,0,8.822287969783501e-08,Low
C1937,2776353.4,761088.2664,1,8.822287969783501e-08,Low
C1938,995.6,53240.324,14,8.822287969783501e-08,Low
C1939,227100.0,965282.3167,3,8.822287969783501e-08,Low
C194,62949.7,84435.9821,8,8.822287969783501e-08,Low
C1911,1469622.5,6516834.8735,17,8.822287969783501e-08,Low
C1912,1981600.0,1930523.6,1,8.822287969783501e-08,Low
C1913,111000.0,1321805.6763,16,8.822287969783501e-08,Low
C1914,1986171.2000000002,5001931.8874,8,8.822287969783501e-08,Low
C1915,11081415.3,1959981.1467,0,8.822287969783501e-08,Low
C1916,1421636.9,519743.9524,3,8.822287969783501e-08,Low
C1917,3792135.2,2179411.0365,7,8.822287969783501e-08,Low
C1918,26000.0,171231.0,16,8.822287969783501e-08,Low
C1919,170122.8,189650.9936,10,8.822287969783501e-08,Low
C192,57643501.7,2470255.4174,0,8.822287969783501e-08,Low
C1920,289260.0,4714503.4415,16,8.822287969783501e-08,Low
C1950,319418.0,156936.3152,7,8.822287969783501e-08,Low
C1951,5998969.9,562006.3075,7,8.822287969783501e-08,Low
C1952,243335.0,710730.8144,11,8.822287969783501e-08,Low
C1953,963200.0,966010.4,11,8.822287969783501e-08,Low
C1954,82000.0,871375.7878,11,8.822287969783501e-08,Low
C1926,86000.0,88589.7092,16,8.822287969783501e-08,Low
C1927,47574.0,48794.278,16,8.822287969783501e-08,Low
C1928,261115.0,164539.53,1,8.822287969783501e-08,Low
C1929,57640.0,650726.5544,9,8.822287969783501e-08,Low
C193,11916124.9,1961817.672,7,8.822287969783501e-08,Low
C1930,923477.2,905714.6298,8,8.822287969783501e-08,Low
C1931,7607.5,796816.0104,15,8.822287969783501e-08,Low
C1932,49086.0,229822.056,14,8.822287969783501e-08,Low
C1933,1667977.7,1130555.9101,0,8.822287969783501e-08,Low
C1934,6736388.3,11166307.8847,1,8.822287969783501e-08,Low
C1935,328318.0,198003.0172,11,8.822287969783501e-08,Low
C1965,67864.1,26163.3917,0,8.822287969783501e-08,Low
C1966,59399.0,69681.198,9,8.822287969783501e-08,Low
C1967,1978607.6,1999500.0,7,8.822287969783501e-08,Low
C1968,2946089.6,359448.0514,4,8.822287969783501e-08,Low
C1969,1002290.0,359339.618,2,8.822287969783501e-08,Low
C1940,49260.9,101551.8117,14,8.822287969783501e-08,Low
C1941,1249825.0,1029486.1657,14,8.822287969783501e-08,Low
C1942,9099380.0,1977874.9946,8,8.822287969783501e-08,Low
C1943,5036.9,89687.3385,1,8.822287969783501e-08,Low
C1944,5759.1,366101.46,14,8.822287969783501e-08,Low
C1945,278553.9,654382.8337,0,8.822287969783501e-08,Low
C1946,204136.0,119263.3388,0,8.822287969783501e-08,Low
C1947,2648528.8,1897373.5688,7,8.822287969783501e-08,Low
C1948,981666.5,480166.834,7,8.822287969783501e-08,Low
C1949,882.0,151655.2736,11,8.822287969783501e-08,Low
C195,3289332.0,892244.8098,0,8.822287969783501e-08,Low
C1979,327844.0,88762.624,1,8.822287969783501e-08,Low
C1980,86615.0,71771.0125,2,8.822287969783501e-08,Low
C1981,178194.0,34794.7404,4,8.822287969783501e-08,Low
C1982,742158.0,2659246.868,9,8.822287969783501e-08,Low
C1983,3922580.0,3880652.26,0,8.822287969783501e-08,Low
C1955,1062396.5,522920.314,11,8.822287969783501e-08,Low
C1956,1093844.5,1031867.7967,1,8.822287969783501e-08,Low
C1957,21920000.0,21999500.0,11,8.822287969783501e-08,Low
C1958,945000.0,1586920.7352,8,8.822287969783501e-08,Low
C1959,9302209.8,900758.9431,1,8.822287969783501e-08,Low
C196,24969850.7,25878206.5584,1,8.822287969783501e-08,Low
C1960,17422.0,53812.983,10,8.822287969783501e-08,Low
C1961,47300.0,49500.0,10,8.822287969783501e-08,Low
C1962,880685.8,1857978.0968,8,8.822287969783501e-08,Low
C1963,13911851.9,2576064.6425,0,8.822287969783501e-08,Low
C1964,269500.0,7886483.4174,10,8.822287969783501e-08,Low
C1993,614801.2,960106.9356,8,8.822287969783501e-08,Low
C1994,10298.0,2822341.22,8,8.822287969783501e-08,Low
C1995,878.4,247772.9272,8,8.822287969783501e-08,Low
C1996,32045.0,33314.73,0,8.822287969783501e-08,Low
C1997,198366.0,254609.4517,2,8.822287969783501e-08,Low
C1998,429642.6,205368.8296,2,8.822287969783501e-08,Low
C197,3595213.4,3918450.9441,2,8.822287969783501e-08,Low
C1970,36780.0,300656.0,9,8.822287969783501e-08,Low
C1971,16291.0,76826.2812,9,8.822287969783501e-08,Low
C1972,2894241.3,2558923.9803,0,8.822287969783501e-08,Low
C1973,248507.5,1216131.6851,9,8.822287969783501e-08,Low
C1974,489000.0,498544.0,9,8.822287969783501e-08,Low
C1975,892.5,62800.8616,9,8.822287969783501e-08,Low
C1976,75840.0,1336415.848,9,8.822287969783501e-08,Low
C1977,480000.0,499500.0,9,8.822287969783501e-08,Low
C1978,796.0,1165588.3293,9,8.822287969783501e-08,Low
C2006,690529.1,790192.7016,7,8.822287969783501e-08,Low
C2007,93302.0,45556.2888,0,8.822287969783501e-08,Low
C2008,9400.0,459331.1542,7,8.822287969783501e-08,Low
C2009,495124.0,494848.066,7,8.822287969783501e-08,Low
C201,6798917.7,606632.5808,1,8.822287969783501e-08,Low
C2010,60560.0,188667.8278,1,8.822287969783501e-08,Low
C1984,489000.0,498544.0,9,8.822287969783501e-08,Low
C1985,2627335.4,843057.9264,1,8.822287969783501e-08,Low
C1986,29699.0,18025.2205,2,8.822287969783501e-08,Low
C1987,178702.0,1247842.058,0,8.822287969783501e-08,Low
C1988,124532.0,1214040.2205,8,8.822287969783501e-08,Low
C1989,903777.0,500796.7279,7,8.822287969783501e-08,Low
C199,7436641.2,3100772.0676,0,8.822287969783501e-08,Low
C1990,91800.0,99224.6,8,8.822287969783501e-08,Low
C1991,530000.0,1347450.016,8,8.822287969783501e-08,Low
C1992,553900.0,1151054.641,8,8.822287969783501e-08,Low
C202,925293.0,417015.9922,4,8.822287969783501e-08,Low
C2020,4962352.1,5000000.0,3,8.822287969783501e-08,Low
C2021,146355.0,145192.7575,4,8.822287969783501e-08,Low
C2022,1820221.9,1468897.5321,4,8.822287969783501e-08,Low
C2023,4500.0,117888.0912,4,8.822287969783501e-08,Low
C2024,346765.0,115093.3225,2,8.822287969783501e-08,Low
C2025,15480.0,64780.327,4,8.822287969783501e-08,Low
C1999,465590.0,232747.12,7,8.822287969783501e-08,Low
C20,83564419.6,944789.2904,11,8.822287969783501e-08,Low
C200,176230500.0,15256087.835,16,8.822287969783501e-08,Low
C2000,960276.0,1322748.61,1,8.822287969783501e-08,Low
C2001,484755.6,499500.0,1,8.822287969783501e-08,Low
C2002,477200.0,471751.2,7,8.822287969783501e-08,Low
C2003,10631181.7,5273393.3922,0,8.822287969783501e-08,Low
C2004,521276.0,1405987.5489,7,8.822287969783501e-08,Low
C2005,170080.0,772539.7583,4,8.822287969783501e-08,Low
C2034,20940.0,164779.5512,3,8.822287969783501e-08,Low
C2035,8741.599999999999,192234.93,2,8.822287969783501e-08,Low
C2036,1789.2,100289.2964,3,8.822287969783501e-08,Low
C2037,72754.2,3100408.2649,3,8.822287969783501e-08,Low
C2038,48593.0,57187.6995,3,8.822287969783501e-08,Low
C2039,563920.5,747764.5813,3,8.822287969783501e-08,Low
C204,22784124.5,1046492.4308,0,8.822287969783501e-08,Low
C2011,1801.8,1588386.666,7,8.822287969783501e-08,Low
C2012,378000.0,391872.5,7,8.822287969783501e-08,Low
C2013,947300.0,482458.0496,4,8.822287969783501e-08,Low
C2014,34353978.6,34500000.0001,2,8.822287969783501e-08,Low
C2015,5810332.0,8641728.62,3,8.822287969783501e-08,Low
C2016,619938.0,1287647.9084,4,8.822287969783501e-08,Low
C2017,1103264.0,858166.22,4,8.822287969783501e-08,Low
C2018,29590.0,482177.448,4,8.822287969783501e-08,Low
C2019,873600.0,1747055.5168,4,8.822287969783501e-08,Low
C2049,8442.7,40504.5824,1,8.822287969783501e-08,Low
C205,218848.3,115211.0761,3,8.822287969783501e-08,Low
C2050,380000.0,439435.1792,2,8.822287969783501e-08,Low
C2051,16019.0,5172228.5606,2,8.822287969783501e-08,Low
C2052,241304.7,244786.3859,2,8.822287969783501e-08,Low
C2053,346317.9,231955.6272,0,8.822287969783501e-08,Low
C2054,11817.0,114975.3954,2,8.822287969783501e-08,Low
C2026,106900.0,1179204.5008,4,8.822287969783501e-08,Low
C2027,36338.8,113051.7076,2,8.822287969783501e-08,Low
C2028,2408050.0,1896020.555,4,8.822287969783501e-08,Low
C2029,49159.6,971897.2718,1,8.822287969783501e-08,Low
C203,1498705.0,192126.0828,4,8.822287969783501e-08,Low
C2030,13949.0,590133.8619,3,8.822287969783501e-08,Low
C2031,539400.0,546164.488,3,8.822287969783501e-08,Low
C2032,7979.0,146029.8876,3,8.822287969783501e-08,Low
C2033,659580.0,808929.426,3,8.822287969783501e-08,Low
C2063,49734.9,49904.2936,1,8.822287969783501e-08,Low
C2064,1211.7,1925.7115,1,8.822287969783501e-08,Low
C2065,1154.0,1286.1385,1,8.822287969783501e-08,Low
C2066,358054.8,1596979.9608,1,8.822287969783501e-08,Low
C2067,20900.0,270214.053,1,8.822287969783501e-08,Low
C2068,1162.0,117572.7364,1,8.822287969783501e-08,Low
C2069,296800.0,296861.2,1,8.822287969783501e-08,Low
C2040,305000.0,348770.2716,3,8.822287969783501e-08,Low
C2041,72105.0,1693824.9128,3,8.822287969783501e-08,Low
C2042,69134.0,1879186.7696,1,8.822287969783501e-08,Low
C2043,105000.0,1961278.999,3,8.822287969783501e-08,Low
C2044,17138.4,128867.6424,3,8.822287969783501e-08,Low
C2045,1082.0,113569.3869,3,8.822287969783501e-08,Low
C2046,20800.0,35263.1703,3,8.822287969783501e-08,Low
C2047,86420.0,131858.36,3,8.822287969783501e-08,Low
C2048,687620.0,699500.0,2,8.822287969783501e-08,Low
C2078,9953.0,11369.173,0,8.822287969783501e-08,Low
C2079,23496.0,24395.6054,0,8.822287969783501e-08,Low
C208,310707.3,4035.9514,25,8.822287969783501e-08,Low
C2080,8877.0,9596.5016,0,8.822287969783501e-08,Low
C2081,249391.4,246314.4258,0,8.822287969783501e-08,Low
C2082,194410.0,195606.77,0,8.822287969783501e-08,Low
C2083,9953.0,11370.9559,0,8.822287969783501e-08,Low
C2055,505000.0,458432.9287,1,8.822287969783501e-08,Low
C2056,705427.0,871221.972,1,8.822287969783501e-08,Low
C2057,477250.0,497218.25,1,8.822287969783501e-08,Low
C2058,4195881.0,4202776.761,1,8.822287969783501e-08,Low
C2059,98250.0,145607.9638,0,8.822287969783501e-08,Low
C206,370909.8,534746.1563,16,8.822287969783501e-08,Low
C2060,70849.8,233253.8545,1,8.822287969783501e-08,Low
C2061,8596.0,235791.8152,1,8.822287969783501e-08,Low
C2062,5193.4,81568.3504,1,8.822287969783501e-08,Low
C213,6465511.1,240941.8496,1,8.822287969783501e-08,Low
C214,15621357.9,1332005.3312,2,8.822287969783501e-08,Low
C215,2046937.1,3062248.0584,1,8.822287969783501e-08,Low
C216,516469.5,119512.7068,18,8.822287969783501e-08,Low
C218,6585588.5,760065.0024,0,8.822287969783501e-08,Low
C219,10839622.4,521052.7816,7,8.822287969783501e-08,Low
C22,263359.5,475095.1581,0,8.822287969783501e-08,Low
C207,114175430.8,6647659.5368,0,8.822287969783501e-08,Low
C2070,30073.0,792479.0884,1,8.822287969783501e-08,Low
C2071,223200.0,2901306.0842,1,8.822287969783501e-08,Low
C2072,1154557.5,2549500.0,0,8.822287969783501e-08,Low
C2073,1144.0,8154.1736,1,8.822287969783501e-08,Low
C2074,204381.0,1517309.5732,1,8.822287969783501e-08,Low
C2075,493870.8,480588.1524,0,8.822287969783501e-08,Low
C2076,1236.8,1820.381,1,8.822287969783501e-08,Low
C2077,290000.0,300000.0,0,8.822287969783501e-08,Low
C226,30246732.9,1813859.6604,25,8.822287969783501e-08,Low
C227,59456447.3,1310431.5413,0,8.822287969783501e-08,Low
C228,62232640.9,2314023.1068,0,8.822287969783501e-08,Low
C229,102806.8,49745.6013,14,8.822287969783501e-08,Low
C23,16338248.1,1216014.8864,3,8.822287969783501e-08,Low
C230,1114066560.3,41212893.7109,0,8.822287969783501e-08,Low
C232,198697.3,69594.6661,29,8.822287969783501e-08,Low
C233,4204288.4,85711.8581,0,8.822287969783501e-08,Low
C234,8908573.8,2000269.2288,0,8.822287969783501e-08,Low
C2084,23672.0,24188.3627,0,8.822287969783501e-08,Low
C2085,328800.0,696149.2,0,8.822287969783501e-08,Low
C2086,1172000.0,2499500.0,0,8.822287969783501e-08,Low
C21,90573058.9,2228435.0558,0,8.822287969783501e-08,Low
C210,10361134.1,7045976.5951,29,8.822287969783501e-08,Low
C211,10240749.9,497251.8507,1,8.822287969783501e-08,Low
C212,122282688.5,3674433.1492,1,8.822287969783501e-08,Low
C221,18068457.7,1787195.0239,2,8.822287969783501e-08,Low
C222,17249925.6,1268669.5628,0,8.822287969783501e-08,Low
C1381,9518753.1,1776024.2932,22,8.822287969783501e-08,Low
C1382,16593642.9,1518139.9468,0,8.822287969783501e-08,Low
C1383,2397936.7,308521.1532,8,8.822287969783501e-08,Low
C1384,1092116.4,6631751.4187,8,8.822287969783501e-08,Low
C1385,11380870.3,1375537.054,1,8.822287969783501e-08,Low
C1386,7979140.6,2304209.6129,22,8.822287969783501e-08,Low
C1388,22934614.9,982851.8404,18,8.822287969783501e-08,Low
C1389,15671431.9,675106.5608,0,8.822287969783501e-08,Low
C139,133356970.0,4038075.8178,0,8.822287969783501e-08,Low
C1390,5753335.4,532329.2408,0,8.822287969783501e-08,Low
C1391,100362.8,89187.962,14,8.822287969783501e-08,Low
C1365,11376477.3,645176.7577,0,8.822287969783501e-08,Low
C224,137761094.3,16057752.4335,0,8.822287969783501e-08,Low
C225,12444406.6,2363043.552,2,8.822287969783501e-08,Low
C259,8600193.0,1830106.0575,7,8.822287969783501e-08,Low
C26,30178227.0,14317404.5255,1,8.822287969783501e-08,Low
C260,836892.0,30874.4033,23,8.822287969783501e-08,Low
C261,33055931.2,7837531.8504,1,8.822287969783501e-08,Low
C262,7531992.6,15113936.8058,0,8.822287969783501e-08,Low
C236,55382488.2,1694308.0953,1,8.822287969783501e-08,Low
C237,83323596.1,13062074.0349,0,8.822287969783501e-08,Low
C238,1902892.7,228244.306,7,8.822287969783501e-08,Low
C24,93243050.6,1207764.0663,0,8.822287969783501e-08,Low
C241,4512095.9,120625.2204,0,8.822287969783501e-08,Low
C242,68732139.9,12067264.7949,0,8.822287969783501e-08,Low
C243,19805772.0,2984684.0276,0,8.822287969783501e-08,Low
C244,3875880.0,430838.5893,7,8.822287969783501e-08,Low
C247,2023698.0,751915.5084,4,8.822287969783501e-08,Low
C248,17455168.2,1377756.6756,10,8.822287969783501e-08,Low
C249,5998965.9,668913.6018,7,8.822287969783501e-08,Low
C251,71727690.8,9537448.5639,7,8.822287969783501e-08,Low
C1367,761748.0,635717.661,2,8.822287969783501e-08,Low
C1368,1146484.5999999999,3261940.0936,2,8.822287969783501e-08,Low
C1369,1769805.5,2010791.6848,0,8.822287969783501e-08,Low
C137,110885298.3,16265106.3576,0,8.822287969783501e-08,Low
C1370,13555724.0,1090275.302,21,8.822287969783501e-08,Low
C1371,18332747.8,851073.27,8,8.822287969783501e-08,Low
C1373,40346.0,179875.0595,21,8.822287969783501e-08,Low
C1376,51476925.2,8203546.1068,0,8.822287969783501e-08,Low
C1377,289935.0,293947.22,2,8.822287969783501e-08,Low
C135,58535739.1,1300860.818,0,8.822287969783501e-08,Low
C252,120150.0,204889.1112,10,8.822287969783501e-08,Low
C254,20951747.1,1019756.9515,0,8.822287969783501e-08,Low
C256,3131640.7,250587.4328,7,8.822287969783501e-08,Low
C257,1243848.4,51142.2188,0,8.822287969783501e-08,Low
C258,9850032.9,1026590.9317,3,8.822287969783501e-08,Low
C290,68534371.6,7962947.8877,22,8.822287969783501e-08,Low
C291,1486159.0,14517572.4059,1,8.822287969783501e-08,Low
C292,2343665.9,81795.6268,23,8.822287969783501e-08,Low
C266,6746527.1,44067.4508,1,8.822287969783501e-08,Low
C267,6033761.1,650178.234,0,8.822287969783501e-08,Low
C269,205084.0,234768.59,14,8.822287969783501e-08,Low
C27,58154228.9,1377896.7052,0,8.822287969783501e-08,Low
C270,9087505.7,831252.8232,0,8.822287969783501e-08,Low
C272,38408356.3,2484774.2017,1,8.822287969783501e-08,Low
C273,11249702.8,996772.9696,0,8.822287969783501e-08,Low
C274,1467808.7,14525312.8483,1,8.822287969783501e-08,Low
C276,68576265.3,7734507.1282,22,8.822287969783501e-08,Low
C277,3832517.1,377421.938,1,8.822287969783501e-08,Low
C278,278196974.6,25908803.7673,0,8.822287969783501e-08,Low
C25,2881183.9,794425.5221,3,8.822287969783501e-08,Low
C250,202322.2,1615332.8328,17,8.822287969783501e-08,Low
C300,62155163.1,8863394.1209,0,8.822287969783501e-08,Low
C301,1359921.1,101029.1644,4,8.822287969783501e-08,Low
C302,7908053.5,3153898.316,2,8.822287969783501e-08,Low
C303,2258287.0,5204109.0872,0,8.822287969783501e-08,Low
C304,9139557.8,2468619.0875,2,8.822287969783501e-08,Low
C305,4751999.2,6520892.7914,1,8.822287969783501e-08,Low
C279,7480226.7,726578.5796,0,8.822287969783501e-08,Low
C28,17035014.6,763432.7595,0,8.822287969783501e-08,Low
C280,3942542.4,777123.78,9,8.822287969783501e-08,Low
C282,8311927.0,345700.1687,30,8.822287969783501e-08,Low
C283,9011193.0,1562660.9435,24,8.822287969783501e-08,Low
C286,564686.1,5147085.3541,1,8.822287969783501e-08,Low
C287,2098538.0,87330.3995,7,8.822287969783501e-08,Low
C288,2106479.7,67685.6144,8,8.822287969783501e-08,Low
C289,18242610.7,1006137.1043,11,8.822287969783501e-08,Low
C29,156387693.4,18968728.3755,0,8.822287969783501e-08,Low
C1352,789533.1,201464.6083,8,8.822287969783501e-08,Low
C1353,4488430.4,479676.1476,0,8.822287969783501e-08,Low
C1354,9123280.3,1743090.9361,16,8.822287969783501e-08,Low
C1355,4405464.0,487325.144,25,8.822287969783501e-08,Low
C1356,27816488.4,3145440.6879,2,8.822287969783501e-08,Low
C1357,499944.6,70281.1456,2,8.822287969783501e-08,Low
C136,3439427.6,1074009.4108,1,8.822287969783501e-08,Low
C1360,14912733.3,2157895.1668,0,8.822287969783501e-08,Low
C1361,75904787.2,3736928.4884,0,8.822287969783501e-08,Low
C1363,2258365.1,780282.9616,8,8.822287969783501e-08,Low
C1335,874379.3,663129.6524,0,8.822287969783501e-08,Low
C1336,254929.0,105489.9748,1,8.822287969783501e-08,Low
C296,5451513.9,205749.5717,7,8.822287969783501e-08,Low
C298,3402354.1,2726431.5484,0,8.822287969783501e-08,Low
C299,31448.0,2395211.5462,21,8.822287969783501e-08,Low
C3,60724887.2,5487607.5716,0,8.822287969783501e-08,Low
C333,5486445.6,96452.546,0,8.822287969783501e-08,Low
C334,23339172.2,1414182.5584,2,8.822287969783501e-08,Low
C335,23350.0,358144.9836,14,8.822287969783501e-08,Low
C307,23473602.0,3431201.9776,7,8.822287969783501e-08,Low
C308,33116643.4,2849763.8846,0,8.822287969783501e-08,Low
C310,69686304.1,16588871.0001,0,8.822287969783501e-08,Low
C311,21828116.2,1131527.0306,1,8.822287969783501e-08,Low
C313,68235566.8,7900761.4633,22,8.822287969783501e-08,Low
C314,19768586.3,605899.8689,0,8.822287969783501e-08,Low
C316,2171853.0,1895924.8777,4,8.822287969783501e-08,Low
C317,26824935.7,880533.2308,0,8.822287969783501e-08,Low
C318,9268474.2,344561.0328,0,8.822287969783501e-08,Low
C319,11573092.2,2238680.0772,2,8.822287969783501e-08,Low
C293,853041.7,161619.754,4,8.822287969783501e-08,Low
C294,19439963.0,583824.0778,0,8.822287969783501e-08,Low
C295,33227492.6,22842.5394,0,8.822287969783501e-08,Low
C347,6246579.4,1712691.6664,0,8.822287969783501e-08,Low
C348,334040200.2,25016131.5411,0,8.822287969783501e-08,Low
C349,76962997.5,4124497.0712,0,8.822287969783501e-08,Low
C35,3318194.2,3127789.6196,0,8.822287969783501e-08,Low
C321,3246302.3,544269.7337,0,8.822287969783501e-08,Low
C322,23919302.7,1540578.7409,7,8.822287969783501e-08,Low
C323,740629.5,241771.888,2,8.822287969783501e-08,Low
C324,42320312.8,4413532.5474,0,8.822287969783501e-08,Low
C325,145257080.4,3201611.4057,0,8.822287969783501e-08,Low
C326,9315707.2,887728.5696,1,8.822287969783501e-08,Low
C327,166743000.0,2608632727.0731,16,8.822287969783501e-08,Low
C328,619651.8,28548.9687,4,8.822287969783501e-08,Low
C33,20882469.5,915896.0973,2,8.822287969783501e-08,Low
C330,5279749.6,190208.6016,4,8.822287969783501e-08,Low
C331,3958852.7,69534.3288,1,8.822287969783501e-08,Low
C332,7820233.5,1136158.5856,17,8.822287969783501e-08,Low
C359,108506844.0,11974903.502,2,8.822287969783501e-08,Low
C36,10989345.2,469153.8356,2,8.822287969783501e-08,Low
C360,8405521.2,315099.9162,1,8.822287969783501e-08,Low
C361,212648189.4,5266352.8727,0,8.822287969783501e-08,Low
C362,34830325.0,5327684.7699,0,8.822287969783501e-08,Low
C363,6899367.4,1149453.8761,0,8.822287969783501e-08,Low
C364,2495109.9,186156.0448,1,8.822287969783501e-08,Low
C336,211397695.5,14921740.4916,2,8.822287969783501e-08,Low
C337,24113512.5,399737.4588,4,8.822287969783501e-08,Low
C338,658305.0,85732702.3333,30,8.822287969783501e-08,Low
C339,31221461.8,2997509.6238,0,8.822287969783501e-08,Low
C34,2340378.4,225714.1423,2,8.822287969783501e-08,Low
C341,4866704.2,1722320.8668,0,8.822287969783501e-08,Low
C343,16281458.8,642445.946,0,8.822287969783501e-08,Low
C344,97331595.2,2257316.6087,0,8.822287969783501e-08,Low
C346,52934728.9,6192028.4653,11,8.822287969783501e-08,Low
C370,18695032.8,753097.2204,1,8.822287969783501e-08,Low
C371,4111796.7,291520.2348,0,8.822287969783501e-08,Low
C372,231411186.1,10855571.5453,0,8.822287969783501e-08,Low
C373,20859559.4,3982442.4099,0,8.822287969783501e-08,Low
C374,888080.6,16931.9993,21,8.822287969783501e-08,Low
C376,3353684.4,22778521.2165,10,8.822287969783501e-08,Low
C377,111726883.4,8927070.8067,1,8.822287969783501e-08,Low
C379,70379233.1,2382920.4226,1,8.822287969783501e-08,Low
C350,1061210.5,1174557.3486,3,8.822287969783501e-08,Low
C351,25257209.2,2392958.503,0,8.822287969783501e-08,Low
C352,7152026.4,1243634.3124,4,8.822287969783501e-08,Low
C353,2500224.3,107338.8667,16,8.822287969783501e-08,Low
C354,67234634.9,5208567.8564,4,8.822287969783501e-08,Low
C355,14606478.3,206848.0511,0,8.822287969783501e-08,Low
C356,779494.8,852924.979,8,8.822287969783501e-08,Low
C357,51534888.7,1195944.8176,0,8.822287969783501e-08,Low
C1307,5889709.1,480889.4636,0,8.822287969783501e-08,Low
C1308,87294.9,10030.6953,7,8.822287969783501e-08,Low
C1338,27379239.5,1702024.35,10,8.822287969783501e-08,Low
C1339,4747891.5,230595.3916,3,8.822287969783501e-08,Low
C134,2182364.1999999997,2537559.857,0,8.822287969783501e-08,Low
C1341,9510490.2,601250.7294,3,8.822287969783501e-08,Low
C1343,349531.4,123290.2984,1,8.822287969783501e-08,Low
C1344,22562602.1,1815805.3412,10,8.822287969783501e-08,Low
C1345,13026777.2,697727.588,10,8.822287969783501e-08,Low
C1347,1086220.5,482249.6564,1,8.822287969783501e-08,Low
C1349,411644.5,312413.8464,1,8.822287969783501e-08,Low
C1320,1388842.1,1353823.0112,7,8.822287969783501e-08,Low
C1321,82132.4,473003.2752,2,8.822287969783501e-08,Low
C1322,1994902.4,7555563.5241,25,8.822287969783501e-08,Low
C369,17619516.0,1102531.4426,7,8.822287969783501e-08,Low
C37,20617083.5,1422383.7832,1,8.822287969783501e-08,Low
C403,805620.2,412376.8275,3,8.822287969783501e-08,Low
C38,19326090.2,330782.9618,0,8.822287969783501e-08,Low
C380,9502438.2,4122330.7692,1,8.822287969783501e-08,Low
C384,44348983.3,654696.7826,1,8.822287969783501e-08,Low
C386,460341.2,247363.3092,2,8.822287969783501e-08,Low
C388,90186.0,816975.567,0,8.822287969783501e-08,Low
C389,49092330.3,3904610.418,0,8.822287969783501e-08,Low
C39,16041847.7,1304853.7179,0,8.822287969783501e-08,Low
C391,13872402.2,1898743.8145,3,8.822287969783501e-08,Low
C393,4395395.9,646840.5892,7,8.822287969783501e-08,Low
C366,5662523.7,828381.8148,29,8.822287969783501e-08,Low
C133,5827567.9,170062.964,7,8.822287969783501e-08,Low
C1331,3388904.1,696170.3397,2,8.822287969783501e-08,Low
C1332,1155674.4,325799.1364,1,8.822287969783501e-08,Low
C1333,394228.8,77204.3328,0,8.822287969783501e-08,Low
C1334,511029.0,810728.5275,1,8.822287969783501e-08,Low
C131,19491032.9,2027464.0148,1,8.822287969783501e-08,Low
C1312,1232822.1,895230.7856,1,8.822287969783501e-08,Low
C1314,44361303.8,6650714.0972,0,8.822287969783501e-08,Low
C1316,134500.0,78408.9874,2,8.822287969783501e-08,Low
C1317,40227536.1,81326836.5947,21,8.822287969783501e-08,Low
C1318,11933055.7,746250.356,4,8.822287969783501e-08,Low
C1319,7486007.6,910262.0904,2,8.822287969783501e-08,Low
C132,47531570.4,1203605.712,0,8.822287969783501e-08,Low
C1293,457457.0,799267.6452,1,8.822287969783501e-08,Low
C1294,3760654.1,749017.0048,11,8.822287969783501e-08,Low
C397,43824019.5,13554386.7092,1,8.822287969783501e-08,Low
C398,39821178.6,4798453.8404,8,8.822287969783501e-08,Low
C399,656462.6,935540.5808,16,8.822287969783501e-08,Low
C4,3016636.7,1528634.093,0,8.822287969783501e-08,Low
C40,5216952.6,766392.8791,7,8.822287969783501e-08,Low
C402,408254.7,706190.504,0,8.822287969783501e-08,Low
C432,2427069.3,900687.0161,9,8.822287969783501e-08,Low
C434,82775.6,92870.3496,23,8.822287969783501e-08,Low
C408,172612.6,54737.2279,3,8.822287969783501e-08,Low
C409,435207134.9,4282268.0743,1,8.822287969783501e-08,Low
C41,4326382.5,1202311.8204,4,8.822287969783501e-08,Low
C412,163857.7,411042.4356,2,8.822287969783501e-08,Low
C413,55124.6,123554.7046,24,8.822287969783501e-08,Low
C414,885273.3,2202900.3888,1,8.822287969783501e-08,Low
C415,9464651.0,1407552.21,1,8.822287969783501e-08,Low
C418,35397394.7,4515756.359,0,8.822287969783501e-08,Low
C42,21053887.8,4067806.9685,0,8.822287969783501e-08,Low
C420,8426701.7,1720442.4728,1,8.822287969783501e-08,Low
C421,12144905.1,96252934.1756,30,8.822287969783501e-08,Low
C394,4563.0,104554.64,7,8.822287969783501e-08,Low
C395,1055629.9,69395.5804,0,8.822287969783501e-08,Low
C396,10955731.9,823409.739,1,8.822287969783501e-08,Low
C1298,15539804.6,4041268.6031,7,8.822287969783501e-08,Low
C1299,3896517.8,372146.6426,8,8.822287969783501e-08,Low
C13,208552758.4,6921871.8535,2,8.822287969783501e-08,Low
C130,9926282.6,19692621.0717,0,8.822287969783501e-08,Low
C1300,41858193.2,8939616.6604,9,8.822287969783501e-08,Low
C1302,1798485.0,4842087.6935,22,8.822287969783501e-08,Low
C1303,52210504.6,2504530.3272,0,8.822287969783501e-08,Low
C1304,368401.2,76139.1988,3,8.822287969783501e-08,Low
C1278,290443.4,2921.6698,7,8.822287969783501e-08,Low
C1279,30520.0,200459.72,0,8.822287969783501e-08,Low
C128,15336979.0,1788213.7781,0,8.822287969783501e-08,Low
C426,121031.6,548224.5328,3,8.822287969783501e-08,Low
C427,3521570.6,2868891.8418,24,8.822287969783501e-08,Low
C428,1616612.4,125853.3185,8,8.822287969783501e-08,Low
C43,49470720.1,7447140.8529,3,8.822287969783501e-08,Low
C430,421365.0,199991.4204,1,8.822287969783501e-08,Low
C1280,2249067.1,309751.586,0,8.822287969783501e-08,Low
C1281,35776.0,74761.2468,25,8.822287969783501e-08,Low
C1285,90452343.1,5858555.0118,7,8.822287969783501e-08,Low
C1286,6484499.6,1264871.5128,0,8.822287969783501e-08,Low
C1288,1453057.8,367217.5806,29,8.822287969783501e-08,Low
C1289,15874136.1,7056406.032,0,8.822287969783501e-08,Low
C129,10482749.6,9463973.2081,1,8.822287969783501e-08,Low
C1291,20337937.3,1223725.6396,0,8.822287969783501e-08,Low
C1263,40827844.3,7860793.6997,0,8.822287969783501e-08,Low
C440,1551896.4,137188.8144,14,8.822287969783501e-08,Low
C441,24634.6,133329.7864,4,8.822287969783501e-08,Low
C443,3166.8,154467.4256,17,8.822287969783501e-08,Low
C446,39576679.6,3166112.5933,2,8.822287969783501e-08,Low
C447,2986434.0,171755.6148,15,8.822287969783501e-08,Low
C424,341029.7,850796.3583,14,8.822287969783501e-08,Low
C1295,3619175.5999999996,1294607.1148,29,8.822287969783501e-08,Low
C1266,4761764.1,959570.0279,3,8.822287969783501e-08,Low
C1268,656550.0,1945932.28,4,8.822287969783501e-08,Low
C1269,491045.0,4014600.7476,8,8.822287969783501e-08,Low
C127,306005.8,101283.826,3,8.822287969783501e-08,Low
C1270,2529872.7,290920.2908,1,8.822287969783501e-08,Low
C1271,2859616.7,2820442.4769,1,8.822287969783501e-08,Low
C1272,5133215.9,906867.2857,11,8.822287969783501e-08,Low
C1273,5386164.7,1510117.2088,7,8.822287969783501e-08,Low
C1277,7620721.8,7865016.197,1,8.822287969783501e-08,Low
C1249,11451315.0,356913.4407,1,8.822287969783501e-08,Low
C125,141534097.1,4265859.1086,0,8.822287969783501e-08,Low
C454,30960912.7,2042248.8457,0,8.822287969783501e-08,Low
C46,103326.1,20460.6743,0,8.822287969783501e-08,Low
C461,448468.0,657099.264,3,8.822287969783501e-08,Low
C437,56094397.3,14936835.8529,8,8.822287969783501e-08,Low
C439,1292607.8,205859.2508,1,8.822287969783501e-08,Low
C492,4776024.3,3736778.3694,11,8.822287969783501e-08,Low
C494,39188947.7,3704933.2413,1,8.822287969783501e-08,Low
C466,8057588.2,2965827.3898,1,8.822287969783501e-08,Low
C468,1525166.6,129320.9336,22,8.822287969783501e-08,Low
C47,216072.2,52194.322,2,8.822287969783501e-08,Low
C471,14104089.7,7259172.5331,2,8.822287969783501e-08,Low
C472,18078432.3,1625437.1888,9,8.822287969783501e-08,Low
C475,450305.6,1990093.7165,14,8.822287969783501e-08,Low
C478,8884007.4,2934201.8615,14,8.822287969783501e-08,Low
C1251,1912850.0,2819247.1276,1,8.822287969783501e-08,Low
C1256,7419051.100000001,1586494.242,18,8.822287969783501e-08,Low
C1257,3315867.0,1201860.7535,4,8.822287969783501e-08,Low
C1258,1593860.0,1520430.0588,1,8.822287969783501e-08,Low
C1261,6220424.5,1946342.2401,14,8.822287969783501e-08,Low
C1235,10621306.9,3163035.9292,1,8.822287969783501e-08,Low
C1236,7560880.7,3632204.0937,17,8.822287969783501e-08,Low
C1241,273279.2,624726.7284,15,8.822287969783501e-08,Low
C1242,288990.89999999997,243591.504,8,8.822287969783501e-08,Low
C1243,29947317.0,3406983.4196,0,8.822287969783501e-08,Low
C1244,783600.9,217309.8463,0,8.822287969783501e-08,Low
C1245,2272070.5,269025.3676,15,8.822287969783501e-08,Low
C1246,267440.0,122557.92,18,8.822287969783501e-08,Low
C1247,9661114.2,3248311.2084,2,8.822287969783501e-08,Low
C1248,5919109.7,274440.0012,0,8.822287969783501e-08,Low
C122,153843822.0,11645727.7021,0,8.822287969783501e-08,Low
C1220,165092.0,85489.2571,2,8.822287969783501e-08,Low
C1221,17569046.4,2255399.2075,3,8.822287969783501e-08,Low
C483,25850103.2,39309154.4547,0,8.822287969783501e-08,Low
C484,10330155.8,1089003.3383,3,8.822287969783501e-08,Low
C485,5179611.5,859032.2252,0,8.822287969783501e-08,Low
C486,2063284.0,997049.1078,30,8.822287969783501e-08,Low
C491,42773018.3,9353452.1353,2,8.822287969783501e-08,Low
C1229,22742709.3,3734071.0963,15,8.822287969783501e-08,Low
C123,2456310.3,776324.2944,4,8.822287969783501e-08,Low
C1231,376616.0,52540.236,8,8.822287969783501e-08,Low
C1205,2274474.3,837699.1436,0,8.822287969783501e-08,Low
C1206,7825690.8,1402147.0929,23,8.822287969783501e-08,Low
C1207,7011983.8,2391136.2947,4,8.822287969783501e-08,Low
C499,130884.8,303397.8084,3,8.822287969783501e-08,Low
C5,1906771.3,869248.59,9,8.822287969783501e-08,Low
C50,2351132.4,143225.4484,3,8.822287969783501e-08,Low
C504,32612151.8,4019844.574,0,8.822287969783501e-08,Low
C507,233120903.7,22140941.5202,1,8.822287969783501e-08,Low
C481,193311.0,1919140.976,4,8.822287969783501e-08,Low
C1237,773956.0,614092.2791,1,8.822287969783501e-08,Low
C1239,156561.0,242374.692,24,8.822287969783501e-08,Low
C124,82306800.4,2207385.3375,0,8.822287969783501e-08,Low
C1240,15890833.3,2886414.1668,14,8.822287969783501e-08,Low
C535,1562437.1,1983081.546,1,8.822287969783501e-08,Low
C536,4545003.3,1403932.252,0,8.822287969783501e-08,Low
C537,36495941.1,3165610.8125,3,8.822287969783501e-08,Low
C509,15615.6,65763.694,21,8.822287969783501e-08,Low
C51,23854869.5,176849.0006,0,8.822287969783501e-08,Low
C512,30898.0,818320.072,1,8.822287969783501e-08,Low
C516,71263.1,395566.1432,3,8.822287969783501e-08,Low
C517,2098824.0,11336398.6793,9,8.822287969783501e-08,Low
C518,53670.6,71511.3774,22,8.822287969783501e-08,Low
C52,8774716.3,302764.1644,0,8.822287969783501e-08,Low
C520,13770.6,111996.307,22,8.822287969783501e-08,Low
C521,154870.6,167200.3255,8,8.822287969783501e-08,Low
C522,28544306.6,7314877.9276,0,8.822287969783501e-08,Low
C1222,2785339.2,961448.8312,14,8.822287969783501e-08,Low
C1223,780811.7,643201.0916,0,8.822287969783501e-08,Low
C1225,22313242.8,897478.2151,0,8.822287969783501e-08,Low
C1209,19670875.8,3060739.201,2,8.822287969783501e-08,Low
C121,14580827.3,1373136.5616,0,8.822287969783501e-08,Low
C1210,6536688.2,31364828.3661,10,8.822287969783501e-08,Low
C1211,2455066.0,2787652.1507,0,8.822287969783501e-08,Low
C1212,270517.5,203758.8601,8,8.822287969783501e-08,Low
C1214,1430348.6,1907139.8369,24,8.822287969783501e-08,Low
C1219,544521.1,179941.564,21,8.822287969783501e-08,Low
C1191,24987270.1,2836645.9862,4,8.822287969783501e-08,Low
C1193,5404307.4,1402020.9284,16,8.822287969783501e-08,Low
C526,24017.7,865221.7815,29,8.822287969783501e-08,Low
C527,3205053.1,412858.8907,4,8.822287969783501e-08,Low
C528,28575015.5,681185.7392,2,8.822287969783501e-08,Low
C53,2647792.3,97063.1138,7,8.822287969783501e-08,Low
C532,1130170.9,105177.0657,2,8.822287969783501e-08,Low
C533,61716.4,782427.0891,3,8.822287969783501e-08,Low
C534,2358118.1,1898276.0359,0,8.822287969783501e-08,Low
C565,176878.4,53282.9068,3,8.822287969783501e-08,Low
C566,7667209.6,4124285.1771,2,8.822287969783501e-08,Low
C539,40998174.9,5251028.3222,1,8.822287969783501e-08,Low
C54,16420962.4,239268.4997,7,8.822287969783501e-08,Low
C540,53228928.1,4549144.4456,0,8.822287969783501e-08,Low
C541,1005614.1,613522.174,0,8.822287969783501e-08,Low
C543,966621.9,426823.5477,23,8.822287969783501e-08,Low
C544,13770.6,298397.2305,22,8.822287969783501e-08,Low
C546,5116167.8,10777104.1584,3,8.822287969783501e-08,Low
C547,2913.8,919559.1338,9,8.822287969783501e-08,Low
C548,62623073.2,2999573.3244,0,8.822287969783501e-08,Low
C549,10884755.0,630736.8669,0,8.822287969783501e-08,Low
C550,53415965.6,2975124.6904,1,8.822287969783501e-08,Low
C551,81021307.4,8366489.1578,0,8.822287969783501e-08,Low
C523,123040100.1,36793798.653,0,8.822287969783501e-08,Low
C525,1943317.7,960168.8738,3,8.822287969783501e-08,Low
C579,39460.0,79192.7968,14,8.822287969783501e-08,Low
C58,23748904.5,711499.0944,8,8.822287969783501e-08,Low
C580,16587793.5,446113.1208,1,8.822287969783501e-08,Low
C552,1602081.2,33401.0334,0,8.822287969783501e-08,Low
C553,93516381.9,10811691.5277,8,8.822287969783501e-08,Low
C554,620280.0,20169.9665,0,8.822287969783501e-08,Low
C555,12606380.6,670367.6776,4,8.822287969783501e-08,Low
C557,2383841.5,414939.6259,0,8.822287969783501e-08,Low
C558,88057279.1,10003660.0167,4,8.822287969783501e-08,Low
C559,28061599.9,83922754.1457,30,8.822287969783501e-08,Low
C56,128788.0,78912.948,9,8.822287969783501e-08,Low
C560,3652011.7,2210981.7509,0,8.822287969783501e-08,Low
C561,1145891.9,405411.326,0,8.822287969783501e-08,Low
C562,8782231.5,2466474.0211,3,8.822287969783501e-08,Low
C563,98767782.2,9518962.1013,0,8.822287969783501e-08,Low
C564,8506750.3,572299.657,30,8.822287969783501e-08,Low
C1198,11640357.1,1080913.6896,11,8.822287969783501e-08,Low
C1199,1518263.0,1158893.4612,2,8.822287969783501e-08,Low
C12,158370268.4,3134815.8932,0,8.822287969783501e-08,Low
C120,21263881.5,3323447.8938,0,8.822287969783501e-08,Low
C1200,889484.7,1063309.3356,9,8.822287969783501e-08,Low
C1202,7757617.7,837941.6768,2,8.822287969783501e-08,Low
C1203,52516336.6,5305370.6238,0,8.822287969783501e-08,Low
C1177,723062.8,597313.3838,1,8.822287969783501e-08,Low
C1178,1686583.9,322575.5644,2,8.822287969783501e-08,Low
C1179,23072000.1,4021139.3363,2,8.822287969783501e-08,Low
C57,24482884.5,2785302.6597,0,8.822287969783501e-08,Low
C571,6690803.9,261231.186,2,8.822287969783501e-08,Low
C572,106921268.2,13666246.0809,0,8.822287969783501e-08,Low
C574,100143542.2,18157147.0606,0,8.822287969783501e-08,Low
C576,5337641.5,936395.138,11,8.822287969783501e-08,Low
C577,6245578.0,531262.6312,0,8.822287969783501e-08,Low
C609,16294082.8,398539.4872,0,8.822287969783501e-08,Low
C581,78032244.9,7298401.2322,0,8.822287969783501e-08,Low
C582,1233656.8,1002991.7274,0,8.822287969783501e-08,Low
C583,29967271.4,1573827.4212,21,8.822287969783501e-08,Low
C585,120272136.9,15186617.4765,0,8.822287969783501e-08,Low
C586,31456699.4,995599.6757,1,8.822287969783501e-08,Low
C589,1554097.6,201532.3526,3,8.822287969783501e-08,Low
C59,30299612.7,1000411.9,4,8.822287969783501e-08,Low
C590,2168035.1,1202776.7107,3,8.822287969783501e-08,Low
C591,2622815.7,337831.5172,1,8.822287969783501e-08,Low
C593,19394179.5,4229946.7838,1,8.822287969783501e-08,Low
C595,211028279.1,311054750.2157,17,8.822287969783501e-08,Low
C569,37400571.5,691814.4935,11,8.822287969783501e-08,Low
C1194,98813482.2,50035677.8135,14,8.822287969783501e-08,Low
C1196,31743091.0,19870245.7896,21,8.822287969783501e-08,Low
C1197,1358250.0,261552.3476,21,8.822287969783501e-08,Low
C620,10305976.5,217377.1995,0,8.822287969783501e-08,Low
C622,1701868.0,737867.992,1,8.822287969783501e-08,Low
C623,24004256.700000003,4759193.5299,0,8.822287969783501e-08,Low
C596,7586399.9,397773.1004,7,8.822287969783501e-08,Low
C597,15417530.1,5405830.0536,1,8.822287969783501e-08,Low
C598,263606.0,1503014.82,4,8.822287969783501e-08,Low
C599,2915247.5,222817.96,1,8.822287969783501e-08,Low
C6,7372212.0,2745691.4318,2,8.822287969783501e-08,Low
C60,20863058.1,1002843.4139,0,8.822287969783501e-08,Low
C600,5090298.0,4075891.408,2,8.822287969783501e-08,Low
C601,35266380.8,2781462.979,0,8.822287969783501e-08,Low
C602,91935563.5,2346922.5352,1,8.822287969783501e-08,Low
C603,86932107.2,2612949.0772,1,8.822287969783501e-08,Low
C605,1929731.0,590630.4236,0,8.822287969783501e-08,Low
C606,13740590.4,293877.6056,1,8.822287969783501e-08,Low
C608,64267.7,257447.0947,17,8.822287969783501e-08,Low
C1183,16442586.7,1448495.865,0,8.822287969783501e-08,Low
C1185,29383169.2,7939716.477,1,8.822287969783501e-08,Low
C1186,5653835.3,677518.3808,10,8.822287969783501e-08,Low
C1188,20127217.7,15316285.6888,23,8.822287969783501e-08,Low
C119,8367864.6,351832.3116,4,8.822287969783501e-08,Low
C1190,13529551.7,2191924.0132,11,8.822287969783501e-08,Low
C1162,2808.0,78447.3393,16,8.822287969783501e-08,Low
C1163,2757.9,75519.9445,16,8.822287969783501e-08,Low
C1164,3346488.0,2694718.7204,3,8.822287969783501e-08,Low
C613,47765016.3,1844752.214,14,8.822287969783501e-08,Low
C614,10590781.2,681745.0752,4,8.822287969783501e-08,Low
C615,1694030.7999999998,600788.4576,7,8.822287969783501e-08,Low
C616,31027320.1,6298952.9072,11,8.822287969783501e-08,Low
C617,12903811.6,1051342.6676,7,8.822287969783501e-08,Low
C618,14771301.9,2096433.9634,1,8.822287969783501e-08,Low
C62,48384582.7,713667.5504,1,8.822287969783501e-08,Low
C651,11384255.4,1980296.2888,4,8.822287969783501e-08,Low
C652,2943111.0,601507.4851,0,8.822287969783501e-08,Low
C625,1535962.0,527267.1419,1,8.822287969783501e-08,Low
C626,1972552.2,563523.3339,0,8.822287969783501e-08,Low
C627,1046548.0,1423791.885,0,8.822287969783501e-08,Low
C628,81741.4,17163.4225,24,8.822287969783501e-08,Low
C63,39945234.6,1429986.8391,7,8.822287969783501e-08,Low
C632,1504512.5,2844371.244,21,8.822287969783501e-08,Low
C633,632508.4,489452.2099,1,8.822287969783501e-08,Low
C635,66202386.5,2973208.1772,1,8.822287969783501e-08,Low
C636,7373621.5,1131341.8888,9,8.822287969783501e-08,Low
C637,223366.6,71169.7332,2,8.822287969783501e-08,Low
C61,35993086.1,1271701.2934,0,8.822287969783501e-08,Low
C610,508113.8,77669.2622,2,8.822287969783501e-08,Low
C611,7026471.3,2287483.8934,15,8.822287969783501e-08,Low
C118,88740606.4,1568425.6084,1,8.822287969783501e-08,Low
C665,35576456.1,3713780.0417,0,8.822287969783501e-08,Low
C666,6825077.3,880559.5666,2,8.822287969783501e-08,Low
C667,2874709.4,135682.1224,0,8.822287969783501e-08,Low
C639,82731.7,61461.3265,0,8.822287969783501e-08,Low
C64,162921198.4,1764476.7161,0,8.822287969783501e-08,Low
C641,79442534.1,4897293.4488,0,8.822287969783501e-08,Low
C642,2864157.1,87550686.9878,0,8.822287969783501e-08,Low
C643,243762.0,38381.379,18,8.822287969783501e-08,Low
C644,813869.4,58459.1636,1,8.822287969783501e-08,Low
C645,48879614.199999996,92074830.5962,1,8.822287969783501e-08,Low
C646,4886629.2,179712.8148,7,8.822287969783501e-08,Low
C647,15427951.0,1303875.3119,0,8.822287969783501e-08,Low
C648,2333161.8,150988.3337,0,8.822287969783501e-08,Low
C649,4358150.6,1126997.7628,1,8.822287969783501e-08,Low
C65,1656489.0,433732.172,18,8.822287969783501e-08,Low
C650,10605117.8,1483197.4466,21,8.822287969783501e-08,Low
C679,46215082.8,10093968.6716,2,8.822287969783501e-08,Low
C68,23936358.2,3021120.1989,0,8.822287969783501e-08,Low
C680,33114881.9,984500.8666,0,8.822287969783501e-08,Low
C681,2023738.1,416359.4604,3,8.822287969783501e-08,Low
C653,5691267.7,207516.3588,0,8.822287969783501e-08,Low
C655,4068809.1,1712340.3425,7,8.822287969783501e-08,Low
C656,26944114.3,688546.0402,0,8.822287969783501e-08,Low
C657,37802919.1,124938471.3343,17,8.822287969783501e-08,Low
C658,85055978.0,3086502.6901,0,8.822287969783501e-08,Low
C659,2423823.9,625550.4662,2,8.822287969783501e-08,Low
C66,92732897.9,2803480.4555,0,8.822287969783501e-08,Low
C660,96530837.5,3792657.632,0,8.822287969783501e-08,Low
C661,19766251.8,1995022.204,0,8.822287969783501e-08,Low
C662,632609.0,3454495.7356,2,8.822287969783501e-08,Low
C663,436526099.9,38030849.2581,7,8.822287969783501e-08,Low
C664,61668369.4,8447657.63,2,8.822287969783501e-08,Low
C691,955170.7,4338445.8332,9,8.822287969783501e-08,Low
C693,4959651.6,151532.9402,3,8.822287969783501e-08,Low
C694,3948930.0,6555084.0582,29,8.822287969783501e-08,Low
C695,15123219.1,1145968.1356,1,8.822287969783501e-08,Low
C696,5694856.9,1191872.5633,22,8.822287969783501e-08,Low
C668,18762233.9,1896161.4936,0,8.822287969783501e-08,Low
C669,57013018.7,13031650.4699,0,8.822287969783501e-08,Low
C67,795051.0,341343.4036,4,8.822287969783501e-08,Low
C670,5170108.7,485342.2726,0,8.822287969783501e-08,Low
C671,122714285.9,5203247.5937,7,8.822287969783501e-08,Low
C672,4728912.5,1816013.002,16,8.822287969783501e-08,Low
C673,5037259.1,2893076.4208,9,8.822287969783501e-08,Low
C674,1820763.8,1227228.4338,1,8.822287969783501e-08,Low
C675,1684869.4,2691613.3841,14,8.822287969783501e-08,Low
C677,298438.5,253027.926,0,8.822287969783501e-08,Low
C678,13248021.5,715650.9825,1,8.822287969783501e-08,Low
C1165,183841.4,132083.4852,0,8.822287969783501e-08,Low
C1166,508089.5,779190.52,8,8.822287969783501e-08,Low
C1167,1780478.0,487315.1688,0,8.822287969783501e-08,Low
C1168,3801967.9,2865448.6531,0,8.822287969783501e-08,Low
C1169,20075069.3,8096411.4349,1,8.822287969783501e-08,Low
C117,20759416.1,1775548.3556,0,8.822287969783501e-08,Low
C1171,4236725.8,512385.0226,0,8.822287969783501e-08,Low
C1173,2065410.3,445140.562,15,8.822287969783501e-08,Low
C1174,267175.1,350075.1528,1,8.822287969783501e-08,Low
C1175,9706556.6,3585788.0071,18,8.822287969783501e-08,Low
C1176,19206659.4,1822246.7326,8,8.822287969783501e-08,Low
C1149,5134807.7,987435.6134,10,8.822287969783501e-08,Low
C115,13825723.0,402158.6736,2,8.822287969783501e-08,Low
C685,105830051.6,10720679.9198,0,8.822287969783501e-08,Low
C687,25534879.8,2341303.9836,0,8.822287969783501e-08,Low
C689,50971064.4,562312.6918,0,8.822287969783501e-08,Low
C720,44029424.7,9059438.3601,0,8.822287969783501e-08,Low
C721,202258082.3,11319207.9678,0,8.822287969783501e-08,Low
C722,1272254.0,1163145.6432,3,8.822287969783501e-08,Low
C723,1032252910.6,49348722.5703,1,8.822287969783501e-08,Low
C724,5451106.9,1777884.9482,4,8.822287969783501e-08,Low
C698,4845573.6,4902303.0184,16,8.822287969783501e-08,Low
C7,174325557.7,4042590.5962,0,8.822287969783501e-08,Low
C70,23993922.6,19582295.3579,1,8.822287969783501e-08,Low
C700,151741.5,400188.3532,14,8.822287969783501e-08,Low
C702,38276665.8,486943.8854,1,8.822287969783501e-08,Low
C703,1733654.1,1104431.7958,16,8.822287969783501e-08,Low
C705,8536829.2,523261.748,18,8.822287969783501e-08,Low
C706,3484.0,143286.2684,15,8.822287969783501e-08,Low
C71,355087.6,150923.7651,10,8.822287969783501e-08,Low
C682,5480801.6,44330.1886,1,8.822287969783501e-08,Low
C684,4388858.7,466615.0936,0,8.822287969783501e-08,Low
C1153,6409445.9,4030144.1579,23,8.822287969783501e-08,Low
C1156,1922717.9,396247.1832,1,8.822287969783501e-08,Low
C1157,2760.8,484568.2538,16,8.822287969783501e-08,Low
C1158,14399592.2,1210072.3196,2,8.822287969783501e-08,Low
C1159,3428217.0,193267.4019,7,8.822287969783501e-08,Low
C116,118837863.5,1562820.0419,4,8.822287969783501e-08,Low
C1160,8109980.7,1274077.5579,9,8.822287969783501e-08,Low
C1161,1232722.6,340400.1696,0,8.822287969783501e-08,Low
C1133,13054.0,39788.9428,15,8.822287969783501e-08,Low
C1135,410512.19999999995,253579.7869,16,8.822287969783501e-08,Low
C713,4191504.4,167815.5017,0,8.822287969783501e-08,Low
C714,13201591.9,1315972.6004,0,8.822287969783501e-08,Low
C717,2469410.0,3333502.3056,14,8.822287969783501e-08,Low
C718,984938.0,513550.5562,24,8.822287969783501e-08,Low
C719,106225572.3,4277002.3643,0,8.822287969783501e-08,Low
C72,23870186.4,1967219.9231,2,8.822287969783501e-08,Low
C752,5027852.5,545155.7324,1,8.822287969783501e-08,Low
C753,4382.0,51651.8496,14,8.822287969783501e-08,Low
C727,11545424.1,7454250.7832,2,8.822287969783501e-08,Low
C728,14987427.7,4324948.7805,0,8.822287969783501e-08,Low
C729,303261225.3,12308038.62,18,8.822287969783501e-08,Low
C730,4404689.4,2686009.252,7,8.822287969783501e-08,Low
C732,5775348.4,11013456.7382,0,8.822287969783501e-08,Low
C733,3344593.2,6321527.3423,0,8.822287969783501e-08,Low
C735,13180192.8,3806282.0456,3,8.822287969783501e-08,Low
C737,3640201.8,428901.6627,7,8.822287969783501e-08,Low
C738,992854.5,303711.0768,4,8.822287969783501e-08,Low
C739,54025598.2,2430686.9219,0,8.822287969783501e-08,Low
C711,50438727.0,758941.8944,1,8.822287969783501e-08,Low
C712,712688.2,273859.6992,1,8.822287969783501e-08,Low
C1150,2757.9,78854.2603,16,8.822287969783501e-08,Low
C1151,1285668.5,309241.3278,0,8.822287969783501e-08,Low
C764,4486.4,51915.702,9,8.822287969783501e-08,Low
C765,83381914.0,3116662.6001,0,8.822287969783501e-08,Low
C766,9693869.1,642205.6828,0,8.822287969783501e-08,Low
C767,9226410.4,520563.9935,1,8.822287969783501e-08,Low
C768,53152.2,167508.802,1,8.822287969783501e-08,Low
C74,3623333.3,482876.7325,0,8.822287969783501e-08,Low
C740,22473851.1,3695910.1643,0,8.822287969783501e-08,Low
C741,1629706.4,2686360.5211,11,8.822287969783501e-08,Low
C742,27959690.8,914699.5264,0,8.822287969783501e-08,Low
C743,8269319.9,2543969.4929,1,8.822287969783501e-08,Low
C744,17289413.5,3806137.5511,3,8.822287969783501e-08,Low
C748,35093028.2,5051390.8285,3,8.822287969783501e-08,Low
C749,24009.8,65260.604,30,8.822287969783501e-08,Low
C75,11441648.1,2418896.6658,2,8.822287969783501e-08,Low
C750,31302.0,217671.654,30,8.822287969783501e-08,Low
C751,1220706.0,4526360.5376,0,8.822287969783501e-08,Low
C1136,5017221.9,3384715.4743,11,8.822287969783501e-08,Low
C1137,1076178.0,1134576.4004,0,8.822287969783501e-08,Low
C1139,200182.8,92579.6276,16,8.822287969783501e-08,Low
C114,25519937.9,11795169.1965,1,8.822287969783501e-08,Low
C1140,16388814.5,1541971.6176,22,8.822287969783501e-08,Low
C1143,250075.6,85970.6976,24,8.822287969783501e-08,Low
C1144,957340.5,6022882.127,1,8.822287969783501e-08,Low
C1145,11374604.9,1623384.5832,0,8.822287969783501e-08,Low
C1147,1082752.0,460660.754,7,8.822287969783501e-08,Low
C1119,768890.0,1735983.6976,9,8.822287969783501e-08,Low
C112,146095052.6,13319088.078,0,8.822287969783501e-08,Low
C1120,12423056.6,784827.1748,9,8.822287969783501e-08,Low
C757,130838997.5,17751623.1372,0,8.822287969783501e-08,Low
C76,94880357.8,1520691.2913,3,8.822287969783501e-08,Low
C762,42806376.5,1858160.927,0,8.822287969783501e-08,Low
C763,15698095.4,3026918.7003,0,8.822287969783501e-08,Low
C792,14058676.0,236035.8962,0,8.822287969783501e-08,Low
C794,4820303.6,4782986.8336,2,8.822287969783501e-08,Low
C795,1336354.0,318562.1072,0,8.822287969783501e-08,Low
C797,7570889.9,1585863.2616,1,8.822287969783501e-08,Low
C769,6365797.8,1016573.285,22,8.822287969783501e-08,Low
C77,29617226.6,1063581.2767,0,8.822287969783501e-08,Low
C770,4486.4,51961.6852,9,8.822287969783501e-08,Low
C773,4794464.6,369267.2974,0,8.822287969783501e-08,Low
C775,65562994.5,3327022.2814,14,8.822287969783501e-08,Low
C777,1592107.2,1148756.6584,0,8.822287969783501e-08,Low
C778,7061898.5,7794631.7011,1,8.822287969783501e-08,Low
C779,148755007.6,18476976.0528,14,8.822287969783501e-08,Low
C78,2203740.3,276342.4193,1,8.822287969783501e-08,Low
C782,8531598.4,232380.6684,0,8.822287969783501e-08,Low
C754,4365.4,51585.8516,14,8.822287969783501e-08,Low
C756,32690460.8,338416.3746,2,8.822287969783501e-08,Low
C1122,22264056.3,2817684.3701,0,8.822287969783501e-08,Low
C1124,2076015.8,1292972.8616,21,8.822287969783501e-08,Low
C1126,43233567.6,2373987.4639,0,8.822287969783501e-08,Low
C1127,13632564.3,3210955.3479,0,8.822287969783501e-08,Low
C1128,4390966.0,3992807.7712,9,8.822287969783501e-08,Low
C1129,13230492.0,6721044.0625,8,8.822287969783501e-08,Low
C113,45262631.9,597464.6678,0,8.822287969783501e-08,Low
C1131,63629961.1,16403863.4614,1,8.822287969783501e-08,Low
C1132,914474.0,223194.104,2,8.822287969783501e-08,Low
C1105,603471.6,374560.0704,29,8.822287969783501e-08,Low
C786,14432216.0,11756488.9639,0,8.822287969783501e-08,Low
C787,52771543.7,2887021.3508,0,8.822287969783501e-08,Low
C788,4392530.7,153299.9068,0,8.822287969783501e-08,Low
C789,6083102.0,312961.625,1,8.822287969783501e-08,Low
C790,18631848.2,395842.6192,0,8.822287969783501e-08,Low
C791,2298850.6,107478.8656,0,8.822287969783501e-08,Low
C824,1924148.3,1137941.2293,2,8.822287969783501e-08,Low
C825,1078389.5,319760.692,0,8.822287969783501e-08,Low
C798,1513864.7999999998,1388854.9835,0,8.822287969783501e-08,Low
C799,520438.1,119120.7836,9,8.822287969783501e-08,Low
C80,41653658.9,4544189.5516,0,8.822287969783501e-08,Low
C800,288051.2,343730.9604,2,8.822287969783501e-08,Low
C801,12211178.8,574781.2083,3,8.822287969783501e-08,Low
C802,1471907.4,543576.5788,2,8.822287969783501e-08,Low
C803,3914717.7,94753.9663,1,8.822287969783501e-08,Low
C804,1024983.0,110885.444,29,8.822287969783501e-08,Low
C806,458234.3,619801.9008,1,8.822287969783501e-08,Low
C807,22526490.5,1591754.3244,3,8.822287969783501e-08,Low
C808,7456465.800000001,884088.8267,2,8.822287969783501e-08,Low
C809,5778767.3,1398446.9294,24,8.822287969783501e-08,Low
C81,197347939.0,28407578.0864,0,8.822287969783501e-08,Low
C810,252526.0,113294.997,4,8.822287969783501e-08,Low
C834,3185616.0,519526.237,0,8.822287969783501e-08,Low
C835,10289048.8,605232.4616,1,8.822287969783501e-08,Low
C836,7693213.8,2058426.6207,3,8.822287969783501e-08,Low
C837,3552616.7,2040680.88,3,8.822287969783501e-08,Low
C838,49251789.7,4279528.0819,1,8.822287969783501e-08,Low
C839,53311910.0,11709183.5817,2,8.822287969783501e-08,Low
C84,8570725.3,347094.8052,1,8.822287969783501e-08,Low
C814,62450736.300000004,8368750.2701,10,8.822287969783501e-08,Low
C815,40807591.8,2881149.3555,4,8.822287969783501e-08,Low
C816,5480309.4,742223.411,1,8.822287969783501e-08,Low
C817,7644316.4,1440121.6178,9,8.822287969783501e-08,Low
C818,745354.0,63636.6713,15,8.822287969783501e-08,Low
C819,1136112.0,435386.8968,8,8.822287969783501e-08,Low
C82,3546548.0,284295.5425,18,8.822287969783501e-08,Low
C821,3000290.4,1930470.56,7,8.822287969783501e-08,Low
C822,16186644.5,1163780.2124,9,8.822287969783501e-08,Low
C828,821257.0,96970.0288,17,8.822287969783501e-08,Low
C1109,7127986.7,7705197.1025,2,8.822287969783501e-08,Low
C111,48657838.6,840649.3713,2,8.822287969783501e-08,Low
C1112,89615.0,66762.6732,1,8.822287969783501e-08,Low
C1113,7844262.7,5053797.4755,0,8.822287969783501e-08,Low
C1114,6300066.3,1404285.8076,0,8.822287969783501e-08,Low
C1115,10672714.2,1425330.8055,0,8.822287969783501e-08,Low
C1116,341613.0,544888.1528,3,8.822287969783501e-08,Low
C1118,78485.0,25317.5848,21,8.822287969783501e-08,Low
C1090,522090.0,397020.7512,3,8.822287969783501e-08,Low
C1092,9297093.0,4958521.2724,9,8.822287969783501e-08,Low
C829,3761520.9,1900796.5664,16,8.822287969783501e-08,Low
C83,145049554.2,3507185.5432,0,8.822287969783501e-08,Low
C831,71019032.8,11390817.1735,2,8.822287969783501e-08,Low
C832,900687.4,55912.2491,2,8.822287969783501e-08,Low
C833,55585798.1,10070836.8881,11,8.822287969783501e-08,Low
C1095,44586258.5,9754604.2904,1,8.822287969783501e-08,Low
C1096,35581308.8,3237212.3045,9,8.822287969783501e-08,Low
C1098,7367216.7,7104346.8858,1,8.822287969783501e-08,Low
C11,28042511.1,1020204.6392,0,8.822287969783501e-08,Low
C110,62938794.6,2173536.7405,0,8.822287969783501e-08,Low
C1102,10015506.5,708239.6839,1,8.822287969783501e-08,Low
C1077,1027671.6,1262485.8927,21,8.822287969783501e-08,Low
C1078,15694396.5,809241.7803,1,8.822287969783501e-08,Low
C844,12760562.5,4233423.7804,1,8.822287969783501e-08,Low
C845,9237848.1,3013020.5937,10,8.822287969783501e-08,Low
C846,4418088.5,1957018.3008,1,8.822287969783501e-08,Low
C848,8804635.0,777710.4164,14,8.822287969783501e-08,Low
C849,2232705.6,2146457.9556,16,8.822287969783501e-08,Low
C850,9489285.9,436587.8704,0,8.822287969783501e-08,Low
C851,16014552.0,4726427.9022,21,8.822287969783501e-08,Low
C827,11972023.5,8526646.8533,14,8.822287969783501e-08,Low
C1083,3307778.7,98181.1852,9,8.822287969783501e-08,Low
C1084,127315.8,1130640.0972,1,8.822287969783501e-08,Low
C1086,4485843.7,790580.9788,14,8.822287969783501e-08,Low
C1087,2645138.5,1009342.318,1,8.822287969783501e-08,Low
C1089,96233336.0,3132995.612,3,8.822287969783501e-08,Low
C1063,6343894.0,8124741.4948,8,8.822287969783501e-08,Low
C858,5518607.1,2247536.4752,4,8.822287969783501e-08,Low
C859,71370.6,67427.1188,3,8.822287969783501e-08,Low
C86,28772445.4,1165465.5266,0,8.822287969783501e-08,Low
C862,7639780.0,2529100.4652,4,8.822287969783501e-08,Low
C864,33503234.4,939596.9866,1,8.822287969783501e-08,Low
C866,40951.8,1786994.9496,16,8.822287969783501e-08,Low
C869,506360.0,238745.82,9,8.822287969783501e-08,Low
C840,9077983.3,2093032.8788,0,8.822287969783501e-08,Low
C841,6662489.9,1249032.1065,0,8.822287969783501e-08,Low
C1093,112646731.8,5520155.4271,0,8.822287969783501e-08,Low
C894,2122649.0,150764.404,0,8.822287969783501e-08,Low
C895,14143836.8,13183437.9904,7,8.822287969783501e-08,Low
C896,847182.7,190582.1492,2,8.822287969783501e-08,Low
C898,17680379.5,12957830.792,4,8.822287969783501e-08,Low
C870,498433.2,1473010.5925,4,8.822287969783501e-08,Low
C871,4594694.5,115248.7999,1,8.822287969783501e-08,Low
C872,33422621.1,4743795.6971,23,8.822287969783501e-08,Low
C873,738190.0,146957.24,0,8.822287969783501e-08,Low
C875,8580534.1,891257.2977,14,8.822287969783501e-08,Low
C88,50145176.5,768331.9356,0,8.822287969783501e-08,Low
C880,6884883.2,264838.339,0,8.822287969783501e-08,Low
C881,4411270.9,464708.6988,18,8.822287969783501e-08,Low
C882,514880.0,645130.2663,21,8.822287969783501e-08,Low
C857,8699330.2,4926883.324,2,8.822287969783501e-08,Low
C108,994078.6,3004661.7735,25,8.822287969783501e-08,Low
C1081,30256284.6,1661649.5492,1,8.822287969783501e-08,Low
C1066,6028479.5,671744.482,11,8.822287969783501e-08,Low
C1067,920681.4,1452865.6432,4,8.822287969783501e-08,Low
C1068,3590717.0,4054784.5226,7,8.822287969783501e-08,Low
C107,227717744.6,49591221.8341,1,8.822287969783501e-08,Low
C1071,8926498.299999999,5563017.5094,0,8.822287969783501e-08,Low
C1072,1137037.5,1274780.3856,0,8.822287969783501e-08,Low
C1073,25975412.3,11837172.8134,0,8.822287969783501e-08,Low
C1074,169845454.9,37904636.1128,2,8.822287969783501e-08,Low
C1047,2941037.0,10169238.4427,1,8.822287969783501e-08,Low
C1049,3232170.5,46328994.9688,2,8.822287969783501e-08,Low
C887,479016.5,478712.5405,0,8.822287969783501e-08,Low
C889,3270444.5,377960.26,0,8.822287969783501e-08,Low
C89,18800604.3,5889572.489,4,8.822287969783501e-08,Low
C890,33222401.7,1975232.422,1,8.822287969783501e-08,Low
C891,23192799.2,2539364.263,11,8.822287969783501e-08,Low
C892,3161125.1,547761.2707,7,8.822287969783501e-08,Low
C925,42485.0,76281.6008,4,8.822287969783501e-08,Low
C899,16320651.3,5379218.1078,7,8.822287969783501e-08,Low
C9,198410.4,73888.9362,8,8.822287969783501e-08,Low
C90,28984671.7,958814.5429,1,8.822287969783501e-08,Low
C902,2053259.2,267996.7943,0,8.822287969783501e-08,Low
C903,1403379.6,917668.7612,14,8.822287969783501e-08,Low
C904,7738949.4,2619440.7335,18,8.822287969783501e-08,Low
C905,23205173.7,2641908.4252,0,8.822287969783501e-08,Low
C906,53174132.4,1292159.1324,2,8.822287969783501e-08,Low
C907,9306527.2,994448.9468,8,8.822287969783501e-08,Low
C908,67750270.2,7877496.7553,0,8.822287969783501e-08,Low
C909,2253086.2,286297.1452,8,8.822287969783501e-08,Low
C91,15129816.8,2095300.5033,2,8.822287969783501e-08,Low
C884,576674.9,451447.6676,23,8.822287969783501e-08,Low
C1064,1495652.0,729026.7256,29,8.822287969783501e-08,Low
C1065,126123.1,109034.99,1,8.822287969783501e-08,Low
C914,1017659.5,655563.0172,0,8.822287969783501e-08,Low
C105,23996262.2,12301718.4933,1,8.822287969783501e-08,Low
C1050,21002100.5,2067769.3316,4,8.822287969783501e-08,Low
C1052,2635631.4,4914885.0756,0,8.822287969783501e-08,Low
C1053,39863292.0,3007842.208,0,8.822287969783501e-08,Low
C1056,17997702.2,809674.953,1,8.822287969783501e-08,Low
C1057,4957869.6,253208.3068,4,8.822287969783501e-08,Low
C1058,2906330.8,729835.6775,0,8.822287969783501e-08,Low
C1059,17578531.099999998,1932854.5753,0,8.822287969783501e-08,Low
C106,347124850.3,9235882.8512,0,8.822287969783501e-08,Low
C1033,7154835.6,797952.2044,3,8.822287969783501e-08,Low
C915,419236.0,85285.0291,29,8.822287969783501e-08,Low
C917,260410.5,218446.2928,2,8.822287969783501e-08,Low
C92,21291149.6,203997.1016,0,8.822287969783501e-08,Low
C923,633422.6,579821.8496,4,8.822287969783501e-08,Low
C924,9844024.0,368819.9163,0,8.822287969783501e-08,Low
C953,911808.8,24847.7604,24,8.822287969783501e-08,Low
C954,5373240.1,477385.4605,0,8.822287969783501e-08,Low
C955,1415891.1,103230.7036,4,8.822287969783501e-08,Low
C928,5022725.6,417189.3945,2,8.822287969783501e-08,Low
C930,821049.3,370803.4004,16,8.822287969783501e-08,Low
C931,254780.0,266942.1465,14,8.822287969783501e-08,Low
C932,5444157.1,329558.5916,2,8.822287969783501e-08,Low
C933,3950760.2,572664.382,3,8.822287969783501e-08,Low
C935,675765.0,713976.2586,3,8.822287969783501e-08,Low
C936,27433288.3,5990837.0046,2,8.822287969783501e-08,Low
C938,5545112.4,613240.3094,8,8.822287969783501e-08,Low
C939,602407.0,2315668.9752,7,8.822287969783501e-08,Low
C94,97608089.0,2549401.4232,0,8.822287969783501e-08,Low
C940,11247555.6,4125982.3156,0,8.822287969783501e-08,Low
C912,2346265.5,540114.9212,9,8.822287969783501e-08,Low
C913,15956537.4,9696912.2104,0,8.822287969783501e-08,Low
C104,18574814.6,589436.406,0,8.822287969783501e-08,Low
C1042,970330.0,1944752.2232,1,8.822287969783501e-08,Low
C1043,4032597.0,1094138.8394,1,8.822287969783501e-08,Low
C1044,1049174.0,295056.278,0,8.822287969783501e-08,Low
C1045,83110012.4,4329761.1341,0,8.822287969783501e-08,Low
C1046,680150.0,491247.8125,7,8.822287969783501e-08,Low
C1019,198881.1,148707.1468,4,8.822287969783501e-08,Low
C102,1114141.9,2517480.2643,1,8.822287969783501e-08,Low
C944,7062353.6,834275.1075,0,8.822287969783501e-08,Low
C946,3214251.0,2254234.6694,0,8.822287969783501e-08,Low
C947,9146145.600000001,2613075.1664,2,8.822287969783501e-08,Low
C948,41524.9,290510.5504,4,8.822287969783501e-08,Low
C949,38778553.9,5877504.8334,9,8.822287969783501e-08,Low
C95,94967315.8,6148266.8205,0,8.822287969783501e-08,Low
C950,214582948.0,7959876.3904,0,8.822287969783501e-08,Low
C951,982687.1,6839.6733,7,8.822287969783501e-08,Low
C98,108894799.6,1537637.2282,0,8.822287969783501e-08,Low
C1004,137708.0,172510.012,9,8.822287969783501e-08,Low
C10,30407744.4,2078199.4377,4,8.822287969783501e-08,Low
C988,4990494.9,596266.5522,2,8.822287969783501e-08,Low
C99,23858349.099999998,1596721.8112,0,8.822287969783501e-08,Low
C991,47750865.9,1529560.7559,2,8.822287969783501e-08,Low
C992,101692913.0,1517826.861,0,8.822287969783501e-08,Low
C994,550473.6,3108466.1854,0,8.822287969783501e-08,Low
C1002,12098612.600000001,4275864.5704,17,8.822287969783501e-08,Low
C956,5880677.6,1483096.0124,1,8.822287969783501e-08,Low
C957,9751373.8,2582608.5135,1,8.822287969783501e-08,Low
C1020,1403579.0,2527531.3788,25,8.822287969783501e-08,Low
C1021,2800783.2,1111760.6419,0,8.822287969783501e-08,Low
C1023,34427162.7,7165013.5352,29,8.822287969783501e-08,Low
C1024,116060.0,68780.47,11,8.822287969783501e-08,Low
C1028,858697.2,90356.7497,22,8.822287969783501e-08,Low
C1007,17428884.4,2765451.0608,0,8.822287969783501e-08,Low
C1008,20062811.8,2917995.0305,0,8.822287969783501e-08,Low
C1009,312630.7,715256.4008,0,8.822287969783501e-08,Low
C101,4567035.3,256291.8165,1,8.822287969783501e-08,Low
C1011,1692320.6,181959.1523,4,8.822287969783501e-08,Low
C1013,20712642.8,1744542.4532,11,8.822287969783501e-08,Low
C1016,314292.0,468423.7118,22,8.822287969783501e-08,Low
C1017,8124570.0,9257978.8708,3,8.822287969783501e-08,Low
C985,1327376.8,1786628.4641,1,8.822287969783501e-08,Low
C986,1569835.2,321246.16,2,8.822287969783501e-08,Low
C973,52062781.2,14809119.3953,3,8.822287969783501e-08,Low
C974,11282108.4,5807665.5312,1,8.822287969783501e-08,Low
C976,1385920.0,159828.9041,7,8.822287969783501e-08,Low
C977,3289238.6,744580.7879,7,8.822287969783501e-08,Low
C978,397120.0,406918.78,25,8.822287969783501e-08,Low
C979,179032.4,427802.9484,2,8.822287969783501e-08,Low
